Index,Time,HIGH,LOW,LAST,FIRST
1,00:00.0,0.93347,0.9327,0.93277,0.93296
2,00:00.0,0.93376,0.93273,0.93356,0.93282
3,00:00.0,0.9343,0.93341,0.93422,0.93351
4,00:00.0,0.93428,0.93371,0.93416,0.93423
5,00:00.0,0.93453,0.93383,0.93432,0.93421
6,00:00.0,0.93438,0.9339,0.93407,0.93422
7,00:00.0,0.93522,0.934,0.93491,0.93408
8,00:00.0,0.93527,0.93461,0.93496,0.93508
9,00:00.0,0.93502,0.9344,0.93476,0.93495
10,00:00.0,0.93498,0.93427,0.93454,0.93471
11,00:00.0,0.93463,0.93435,0.93446,0.93459
12,00:00.0,0.93452,0.93409,0.93416,0.93451
13,00:00.0,0.93437,0.93381,0.93419,0.93411
14,00:00.0,0.9347,0.93414,0.93446,0.93424
15,00:00.0,0.93456,0.93392,0.93421,0.93441
16,00:00.0,0.93441,0.93398,0.93417,0.93441
17,00:00.0,0.93442,0.93407,0.93416,0.93418
18,00:00.0,0.93411,0.93371,0.93377,0.93411
19,00:00.0,0.93412,0.93347,0.93347,0.93371
20,00:00.0,0.93359,0.93308,0.93322,0.93349
21,00:00.0,0.93399,0.93327,0.9333,0.93327
22,00:00.0,0.93389,0.93329,0.93349,0.9334
23,00:00.0,0.93429,0.93339,0.9335,0.93339
24,00:00.0,0.93366,0.93297,0.93344,0.93349
25,00:00.0,0.93364,0.93315,0.93335,
26,00:00.0,0.93357,0.93107,0.93142,0.93336
27,00:00.0,0.932,0.9303,0.9305,0.93143
28,00:00.0,0.93118,0.9299,0.92994,0.93051
29,00:00.0,0.93108,0.92859,0.92958,0.92999
30,00:00.0,0.93006,0.92911,0.92932,0.92957
31,00:00.0,0.92968,0.92856,0.9289,0.92933
32,00:00.0,0.92998,0.92879,0.92993,0.92889
33,00:00.0,0.93052,0.92901,0.92906,0.92998
34,00:00.0,0.92951,0.92873,0.92921,0.92907
35,00:00.0,0.92918,0.92861,0.92901,0.92916
36,00:00.0,0.92902,0.92826,0.92841,0.92896
37,00:00.0,0.92851,0.92761,0.92837,0.9284
38,00:00.0,0.92903,0.92814,0.92881,0.92836
39,00:00.0,0.92901,0.92691,0.92757,0.92871
40,00:00.0,0.92803,0.92705,0.92757,0.92758
41,00:00.0,0.92771,0.92694,0.92736,0.92758
42,00:00.0,0.92791,0.92719,0.92765,0.92741
43,00:00.0,0.92791,0.92735,0.92749,0.92767
44,00:00.0,0.92822,0.92747,0.92785,0.92747
45,00:00.0,0.92812,0.92759,0.92759,0.9278
46,00:00.0,0.9282,0.92769,0.92778,0.92769
47,00:00.0,0.92841,0.9277,0.92837,0.92781
48,00:00.0,0.92842,0.92724,0.92774,0.92836
49,00:00.0,0.92885,0.92764,0.92822,
50,00:00.0,0.93163,0.92642,0.92735,0.9282
51,00:00.0,0.9282,0.92737,0.92771,0.92737
52,00:00.0,0.92884,0.92697,0.92745,0.92773
53,00:00.0,0.92811,0.92725,0.92795,0.92743
54,00:00.0,0.9295,0.92791,0.92905,0.928
55,00:00.0,0.93155,0.9288,0.93042,0.92904
56,00:00.0,0.93109,0.93017,0.93096,0.93041
57,00:00.0,0.93351,0.93097,0.93248,0.93099
58,00:00.0,0.9333,0.9321,0.93268,0.9325
59,00:00.0,0.93334,0.93251,0.93256,0.93267
60,00:00.0,0.93311,0.93207,0.933,0.93261
61,00:00.0,0.93504,0.93296,0.93384,0.93302
62,00:00.0,0.93432,0.93359,0.93409,0.93383
63,00:00.0,0.93477,0.93386,0.93432,0.93405
64,00:00.0,0.9352,0.93404,0.93411,0.93433
65,00:00.0,0.93453,0.934,0.93437,0.93412
66,00:00.0,0.93475,0.93407,0.93417,0.93442
67,00:00.0,0.93472,0.93422,0.93456,0.93437
68,00:00.0,0.93488,0.93422,0.93478,0.93458
69,00:00.0,0.93506,0.93421,0.93485,0.93501
70,00:00.0,0.93497,0.93403,0.93454,
71,00:00.0,0.93461,0.9339,0.93449,0.93449
72,00:00.0,0.9349,0.93383,0.93388,0.9345
73,00:00.0,0.93583,0.93394,0.93499,
74,00:00.0,0.93686,0.93494,0.93525,0.93504
75,00:00.0,0.93564,0.93453,0.93469,0.93524
76,00:00.0,0.93573,0.93474,0.93501,0.93488
77,00:00.0,0.93513,0.93482,0.93496,0.93502
78,00:00.0,0.93497,0.93371,0.93397,0.93491
79,00:00.0,0.93423,0.93307,0.93323,0.93387
80,00:00.0,0.93371,0.93319,0.93361,0.93321
81,00:00.0,0.93486,0.93355,0.9346,0.93356
82,00:00.0,0.93502,0.93445,0.93502,0.93458
83,00:00.0,0.93522,0.93421,0.93446,0.93522
84,00:00.0,0.93655,0.93405,0.93545,0.93441
85,00:00.0,0.93955,0.93461,0.93726,0.93546
86,00:00.0,0.93883,0.93685,0.93798,0.93724
87,00:00.0,0.93853,0.93707,0.9373,0.93795
88,00:00.0,0.93757,0.93593,0.93607,0.93731
89,00:00.0,0.93644,0.93525,0.9356,0.93606
90,00:00.0,0.93582,0.93531,0.93562,0.93561
91,00:00.0,0.93582,0.9349,0.93506,0.93567
92,00:00.0,0.93537,0.93481,0.93522,0.93511
93,00:00.0,0.93559,0.93489,0.93499,0.93516
94,00:00.0,0.93529,0.93426,0.93459,
95,00:00.0,0.93489,0.93419,0.9342,0.9344
96,00:00.0,0.93484,0.93333,0.93341,0.9343
97,00:00.0,0.93434,0.93333,0.93419,
98,00:00.0,0.93491,0.93394,0.93429,0.93424
99,00:00.0,0.93453,0.93393,0.93425,0.93434
100,00:00.0,0.93443,0.93388,0.93408,0.93424
101,00:00.0,0.93436,0.93386,0.93424,0.93401
102,00:00.0,0.93432,0.93363,0.93418,0.93425
103,00:00.0,0.93551,0.93413,0.93525,0.93424
104,00:00.0,0.93561,0.93491,0.93531,0.93523
105,00:00.0,0.93592,0.93517,0.93551,0.93526
106,00:00.0,0.93691,0.93551,0.93681,0.93556
107,00:00.0,0.93727,0.9365,0.937,0.93686
108,00:00.0,0.93701,0.9363,0.9364,0.93695
109,00:00.0,0.94067,0.93618,0.93884,0.93642
110,00:00.0,0.93932,0.93764,0.93864,0.93885
111,00:00.0,0.93953,0.93723,0.93753,0.93862
112,00:00.0,0.93802,0.93742,0.93763,0.93754
113,00:00.0,0.93805,0.93739,0.93747,0.93764
114,00:00.0,0.93792,0.93741,0.93776,0.93752
115,00:00.0,0.93817,0.93764,0.93767,0.93771
116,00:00.0,0.93794,0.93752,0.93792,0.93772
117,00:00.0,0.93812,0.93767,0.93792,0.93789
118,00:00.0,,,,
119,00:00.0,,,,
120,00:00.0,,,,
121,00:00.0,,,,
122,00:00.0,,,,
123,00:00.0,,,,
124,00:00.0,,,,
125,00:00.0,,,,
126,00:00.0,,,,
127,00:00.0,,,,
128,00:00.0,,,,
129,00:00.0,,,,
130,00:00.0,,,,
131,00:00.0,,,,
132,00:00.0,,,,
133,00:00.0,,,,
134,00:00.0,,,,
135,00:00.0,,,,
136,00:00.0,,,,
137,00:00.0,,,,
138,00:00.0,,,,
139,00:00.0,,,,
140,00:00.0,,,,
141,00:00.0,,,,
142,00:00.0,,,,
143,00:00.0,,,,
144,00:00.0,,,,
145,00:00.0,,,,
146,00:00.0,,,,
147,00:00.0,,,,
148,00:00.0,,,,
149,00:00.0,,,,
150,00:00.0,,,,
151,00:00.0,,,,
152,00:00.0,,,,
153,00:00.0,,,,
154,00:00.0,,,,
155,00:00.0,,,,
156,00:00.0,,,,
157,00:00.0,,,,
158,00:00.0,,,,
159,00:00.0,,,,
160,00:00.0,,,,
161,00:00.0,,,,
162,00:00.0,,,,
163,00:00.0,0.93865,0.93815,0.93815,
164,00:00.0,0.93865,0.93646,0.93686,0.93865
165,00:00.0,0.93717,0.93648,0.93675,0.93663
166,00:00.0,0.93718,0.93654,0.93665,0.93657
167,00:00.0,0.93719,0.93647,0.93699,0.93712
168,00:00.0,0.93728,0.93631,0.93637,0.93693
169,00:00.0,0.93719,0.93621,0.93668,
170,00:00.0,0.93753,0.93644,0.93726,0.93664
171,00:00.0,0.93763,0.93661,0.9368,0.93721
172,00:00.0,0.9374,0.93661,0.93706,0.93678
173,00:00.0,0.93734,0.93671,0.93677,0.93707
174,00:00.0,0.93706,0.9363,0.93656,0.93682
175,00:00.0,0.93687,0.93589,0.93645,0.93651
176,00:00.0,0.93659,0.93551,0.93576,0.93646
177,00:00.0,0.936,0.93511,0.93521,0.93571
178,00:00.0,0.93591,0.93486,0.93486,0.93526
179,00:00.0,0.93516,0.93421,0.93476,0.93481
180,00:00.0,0.93486,0.9336,0.9336,0.93471
181,00:00.0,0.93376,0.93249,0.93284,0.93361
182,00:00.0,0.93341,0.93088,0.9313,0.93286
183,00:00.0,0.93183,0.93061,0.93149,0.93132
184,00:00.0,0.9316,0.9294,0.92997,0.9315
185,00:00.0,0.93024,0.92938,0.9294,0.92996
186,00:00.0,0.92952,0.928,0.92931,0.92943
187,00:00.0,0.92938,0.92846,0.92902,0.9293
188,00:00.0,0.92935,0.92832,0.92832,0.92892
189,00:00.0,0.9287,0.92796,0.92839,0.92827
190,00:00.0,,,,
191,00:00.0,,,,
192,00:00.0,,,,
193,00:00.0,0.92871,0.92768,0.92805,
194,00:00.0,0.92918,0.92742,0.92783,0.9281
195,00:00.0,0.92839,0.9262,0.92674,0.92782
196,00:00.0,0.92673,0.92545,0.92629,0.92673
197,00:00.0,0.92653,0.92518,0.92558,0.9263
198,00:00.0,0.92702,0.92535,0.92658,0.92557
199,00:00.0,0.92742,0.92629,0.92691,0.92656
200,00:00.0,0.92702,0.92561,0.92653,0.92692
201,00:00.0,0.92747,0.92591,0.92739,0.92652
202,00:00.0,0.92842,0.92737,0.92776,0.92738
203,00:00.0,0.92894,0.92774,0.92816,0.92777
204,00:00.0,0.92831,0.92741,0.92787,0.92811
205,00:00.0,0.9289,0.92478,0.92482,0.92786
206,00:00.0,0.92491,0.92145,0.92151,0.92483
207,00:00.0,0.92228,0.91892,0.922,0.92153
208,00:00.0,0.9229,0.92063,0.92063,0.92202
209,00:00.0,0.92115,0.91914,0.92044,0.92064
210,00:00.0,0.92077,0.91964,0.9198,0.92043
211,00:00.0,0.92008,0.91936,0.91962,0.91982
212,00:00.0,0.9217,0.91931,0.92093,0.91961
213,00:00.0,0.9212,0.92039,0.92049,0.92089
214,00:00.0,0.92086,0.9201,0.92079,
215,00:00.0,0.92122,0.92035,0.92109,0.9206
216,00:00.0,0.92145,0.92032,0.92067,0.92119
217,00:00.0,0.92187,0.92051,0.92121,
218,00:00.0,0.92157,0.91924,0.91966,0.9212
219,00:00.0,0.91967,0.91635,0.91641,0.91964
220,00:00.0,0.91755,0.91638,0.91662,0.91639
221,00:00.0,0.91694,0.91579,0.91648,0.9166
222,00:00.0,0.91673,0.91577,0.91594,0.91649
223,00:00.0,0.91659,0.9156,0.91569,0.91592
224,00:00.0,0.91568,0.91282,0.91287,0.91568
225,00:00.0,0.91325,0.91136,0.91299,0.91286
226,00:00.0,0.91453,0.91264,0.9145,0.91301
227,00:00.0,0.91536,0.91428,0.91479,0.91451
228,00:00.0,0.91496,0.91356,0.91409,0.91482
229,00:00.0,0.9147,0.91322,0.91459,0.91411
230,00:00.0,0.91567,0.91404,0.91494,0.9146
231,00:00.0,0.91622,0.9139,0.9156,0.91496
232,00:00.0,0.91573,0.91451,0.91527,0.91561
233,00:00.0,0.91564,0.91457,0.91562,0.91528
234,00:00.0,0.91612,0.91498,0.91587,0.91561
235,00:00.0,0.91687,0.91555,0.9158,0.91592
236,00:00.0,0.91647,0.91571,0.91627,0.91579
237,00:00.0,0.91675,0.91559,0.91649,0.91647
238,00:00.0,0.9164,0.9151,0.91622,
239,00:00.0,0.91685,0.91602,0.91629,0.91618
240,00:00.0,0.91651,0.91546,0.91546,0.9164
241,00:00.0,0.91656,0.91551,0.91627,
242,00:00.0,0.92192,0.91587,0.91982,0.91626
243,00:00.0,0.91985,0.91776,0.91888,0.91981
244,00:00.0,0.91972,0.9188,0.91958,0.91887
245,00:00.0,0.91968,0.91819,0.91853,0.9196
246,00:00.0,0.91909,0.91761,0.91763,0.91851
247,00:00.0,0.91783,0.91524,0.91611,0.91764
248,00:00.0,0.91698,0.9153,0.91652,0.9161
249,00:00.0,0.91656,0.91255,0.91306,0.91653
250,00:00.0,0.91429,0.9127,0.91417,0.91305
251,00:00.0,0.91442,0.9117,0.91222,0.91416
252,00:00.0,0.91259,0.91116,0.91124,0.91221
253,00:00.0,0.91368,0.91078,0.91346,0.91122
254,00:00.0,0.91347,0.90999,0.91036,0.91345
255,00:00.0,0.9119,0.90971,0.91104,0.91033
256,00:00.0,0.91167,0.91081,0.91153,0.91103
257,00:00.0,0.91171,0.91117,0.91143,0.91152
258,00:00.0,0.91179,0.91068,0.91091,0.91142
259,00:00.0,0.91132,0.90937,0.90973,0.91086
260,00:00.0,0.91001,0.90895,0.90909,0.90972
261,00:00.0,0.91045,0.90906,0.91043,0.90911
262,00:00.0,0.9111,0.91036,0.911,
263,00:00.0,0.9111,0.91039,0.91069,0.9109
264,00:00.0,0.9107,0.9096,0.90968,0.9106
265,00:00.0,0.90993,0.90837,0.90923,
266,00:00.0,0.90951,0.90605,0.90699,0.90924
267,00:00.0,0.90764,0.90661,0.9075,0.907
268,00:00.0,0.9077,0.90653,0.90659,0.90749
269,00:00.0,0.90703,0.90548,0.90649,0.90661
270,00:00.0,0.90669,0.9054,0.90596,0.9065
271,00:00.0,0.90803,0.90565,0.90669,0.906
272,00:00.0,0.90683,0.90601,0.90615,0.9067
273,00:00.0,0.90629,0.90454,0.90483,0.90614
274,00:00.0,0.9061,0.90439,0.90603,0.90481
275,00:00.0,0.90637,0.90506,0.90555,0.90602
276,00:00.0,0.90659,0.90517,0.9054,0.90556
277,00:00.0,0.90696,0.90468,0.90607,0.90542
278,00:00.0,0.90609,0.90344,0.90385,0.90608
279,00:00.0,0.9058,0.90385,0.90445,0.90387
280,00:00.0,0.90532,0.9031,0.90469,0.90446
281,00:00.0,0.90556,0.90446,0.90553,0.90468
282,00:00.0,0.90566,0.90452,0.90481,0.90554
283,00:00.0,0.90491,0.90421,0.9043,0.90476
284,00:00.0,0.90502,0.9039,0.90427,0.90427
285,00:00.0,0.90477,0.90421,0.90452,0.90432
286,00:00.0,,,,
287,00:00.0,,,,
288,00:00.0,,,,
289,00:00.0,,,,
290,00:00.0,,,,
291,00:00.0,,,,
292,00:00.0,,,,
293,00:00.0,,,,
294,00:00.0,,,,
295,00:00.0,,,,
296,00:00.0,,,,
297,00:00.0,,,,
298,00:00.0,,,,
299,00:00.0,,,,
300,00:00.0,,,,
301,00:00.0,,,,
302,00:00.0,,,,
303,00:00.0,,,,
304,00:00.0,,,,
305,00:00.0,,,,
306,00:00.0,,,,
307,00:00.0,,,,
308,00:00.0,,,,
309,00:00.0,,,,
310,00:00.0,,,,
311,00:00.0,,,,
312,00:00.0,,,,
313,00:00.0,,,,
314,00:00.0,,,,
315,00:00.0,,,,
316,00:00.0,,,,
317,00:00.0,,,,
318,00:00.0,,,,
319,00:00.0,,,,
320,00:00.0,,,,
321,00:00.0,,,,
322,00:00.0,,,,
323,00:00.0,,,,
324,00:00.0,,,,
325,00:00.0,,,,
326,00:00.0,,,,
327,00:00.0,,,,
328,00:00.0,,,,
329,00:00.0,,,,
330,00:00.0,,,,
331,00:00.0,0.90285,0.90029,0.9021,
332,00:00.0,0.90285,0.90079,0.90127,0.90216
333,00:00.0,0.90127,0.90052,0.90109,0.90113
334,00:00.0,0.90187,0.90112,0.90171,0.90112
335,00:00.0,0.90183,0.90062,0.90074,0.90169
336,00:00.0,0.90181,0.90075,0.90121,0.90075
337,00:00.0,0.90123,0.90002,0.90093,
338,00:00.0,0.90173,0.9003,0.90131,0.90092
339,00:00.0,0.90145,0.90051,0.90087,0.90129
340,00:00.0,0.90152,0.90063,0.90138,0.90086
341,00:00.0,0.90141,0.89909,0.89969,0.90137
342,00:00.0,0.89988,0.89846,0.8996,0.8997
343,00:00.0,0.90027,0.89906,0.90008,0.89959
344,00:00.0,0.90032,0.89893,0.89956,0.90009
345,00:00.0,0.90069,0.89923,0.90047,0.89955
346,00:00.0,0.90162,0.90032,0.90149,0.90046
347,00:00.0,0.90273,0.90143,0.90186,0.9015
348,00:00.0,0.90207,0.90115,0.9019,0.90184
349,00:00.0,0.90333,0.90173,0.90329,0.90188
350,00:00.0,0.90502,0.90294,0.90472,0.90327
351,00:00.0,0.9049,0.90291,0.903,0.90471
352,00:00.0,0.90311,0.90177,0.90266,0.90301
353,00:00.0,0.90303,0.90233,0.90288,0.90264
354,00:00.0,0.9041,0.90284,0.90361,0.90287
355,00:00.0,0.90397,0.90272,0.90282,0.90362
356,00:00.0,0.90357,0.90255,0.90266,0.90284
357,00:00.0,0.90345,0.90242,0.90308,0.90267
358,00:00.0,0.90507,0.903,0.90362,0.90304
359,00:00.0,0.90365,0.90291,0.90326,0.90365
360,00:00.0,0.9038,0.90307,0.90343,0.90322
361,00:00.0,0.9038,0.90261,0.90368,
362,00:00.0,0.9057,0.90325,0.90452,0.90367
363,00:00.0,0.90488,0.90409,0.90451,0.90453
364,00:00.0,0.90453,0.90305,0.90341,0.90449
365,00:00.0,0.90363,0.90107,0.90111,0.90342
366,00:00.0,0.90175,0.90013,0.90074,0.9011
367,00:00.0,0.90101,0.89899,0.89975,0.90075
368,00:00.0,0.90161,0.89956,0.90131,0.89974
369,00:00.0,0.90139,0.90024,0.90084,0.90133
370,00:00.0,0.90151,0.90049,0.90083,0.90083
371,00:00.0,0.90288,0.90084,0.90212,0.90084
372,00:00.0,0.9034,0.90192,0.90332,0.90213
373,00:00.0,0.90351,0.90267,0.90312,0.90331
374,00:00.0,0.90404,0.90305,0.90343,0.90311
375,00:00.0,0.90354,0.90269,0.90288,0.90342
376,00:00.0,0.91043,0.90238,0.90896,0.90287
377,00:00.0,0.91153,0.90735,0.90935,0.90897
378,00:00.0,0.91089,0.90906,0.91068,0.90934
379,00:00.0,0.91067,0.90921,0.90925,0.91067
380,00:00.0,0.90993,0.90921,0.90956,0.90923
381,00:00.0,0.90969,0.90894,0.90957,0.90952
382,00:00.0,0.90975,0.90874,0.90875,0.90956
383,00:00.0,0.90879,0.90761,0.9078,0.90874
384,00:00.0,0.90863,0.90781,0.90816,0.90785
385,00:00.0,0.90854,0.90772,0.90791,
386,00:00.0,0.90796,0.90618,0.90689,0.90789
387,00:00.0,0.90769,0.90667,0.90667,0.9069
388,00:00.0,0.90743,0.90651,0.90727,0.90668
389,00:00.0,0.90754,0.90689,0.90747,0.90726
390,00:00.0,0.90772,0.90646,0.90706,0.90749
391,00:00.0,0.90826,0.9064,0.90719,0.90705
392,00:00.0,0.90731,0.90644,0.90661,0.9072
393,00:00.0,0.90783,0.90624,0.9078,0.90659
394,00:00.0,0.90781,0.90684,0.90685,0.90779
395,00:00.0,0.90691,0.90624,0.90659,0.90684
396,00:00.0,0.90698,0.90623,0.90657,0.90658
397,00:00.0,0.90848,0.90532,0.90677,0.90655
398,00:00.0,0.90681,0.90536,0.90613,0.90676
399,00:00.0,0.9061,0.90442,0.90489,0.90609
400,00:00.0,0.90493,0.90175,0.90276,0.90488
401,00:00.0,0.90323,0.90197,0.90296,0.90277
402,00:00.0,0.90373,0.90222,0.90357,0.90297
403,00:00.0,0.90846,0.898,0.90066,0.90332
404,00:00.0,0.90187,0.89511,0.89725,0.90067
405,00:00.0,0.89725,0.89592,0.89614,0.89723
406,00:00.0,0.89665,0.89522,0.89574,0.8961
407,00:00.0,0.89617,0.894,0.89434,0.89578
408,00:00.0,0.89606,0.89433,0.89594,0.89436
409,00:00.0,0.89685,0.8955,0.89634,
410,00:00.0,0.8968,0.89576,0.89668,0.89635
411,00:00.0,0.89762,0.89627,0.89722,0.89667
412,00:00.0,0.89749,0.8963,0.89647,0.89723
413,00:00.0,0.89661,0.89583,0.896,0.89646
414,00:00.0,0.8969,0.89555,0.89689,0.89598
415,00:00.0,0.89764,0.89573,0.89584,0.8969
416,00:00.0,0.89646,0.8941,0.89618,0.89585
417,00:00.0,0.89784,0.8958,0.89716,0.89619
418,00:00.0,0.89742,0.89613,0.89686,0.89714
419,00:00.0,0.89744,0.89662,0.89726,0.89688
420,00:00.0,0.89783,0.89546,0.89555,0.89725
421,00:00.0,0.8966,0.89281,0.89623,0.89556
422,00:00.0,0.89715,0.89535,0.89635,0.8962
423,00:00.0,0.89979,0.89585,0.89851,0.89631
424,00:00.0,0.89918,0.89756,0.8983,0.89853
425,00:00.0,0.89902,0.89781,0.8986,0.89832
426,00:00.0,0.89868,0.89773,0.89811,0.89861
427,00:00.0,0.89841,0.89757,0.8979,0.89809
428,00:00.0,0.8986,0.89783,0.89853,0.89789
429,00:00.0,0.89959,0.89818,0.89929,0.89854
430,00:00.0,0.89921,0.89899,0.89899,
431,00:00.0,0.89924,0.89831,0.89862,0.89893
432,00:00.0,0.89862,0.89792,0.89832,0.89861
433,00:00.0,0.89863,0.89764,0.89863,
434,00:00.0,0.8989,0.89376,0.8961,0.89864
435,00:00.0,0.89654,0.89434,0.89522,0.89613
436,00:00.0,0.89602,0.89462,0.89531,0.89523
437,00:00.0,0.89672,0.89532,0.89592,0.89533
438,00:00.0,0.89714,0.89551,0.89679,0.89593
439,00:00.0,0.89731,0.89513,0.89562,0.89678
440,00:00.0,0.89626,0.89507,0.89552,0.89563
441,00:00.0,0.89553,0.89309,0.895,0.89551
442,00:00.0,0.8959,0.89448,0.89577,0.89501
443,00:00.0,0.89707,0.89553,0.89632,0.89576
444,00:00.0,0.89788,0.89621,0.89765,0.8963
445,00:00.0,0.89958,0.89695,0.89872,0.89764
446,00:00.0,0.89926,0.89626,0.89655,0.89873
447,00:00.0,0.89703,0.8938,0.89427,0.89654
448,00:00.0,0.89475,0.89311,0.89351,0.89424
449,00:00.0,0.8938,0.89218,0.89313,0.8935
450,00:00.0,0.89373,0.89281,0.89328,0.89314
451,00:00.0,0.89357,0.8931,0.89347,0.89329
452,00:00.0,0.89402,0.89296,0.89296,0.89346
453,00:00.0,0.89343,0.89244,0.89319,0.89295
454,00:00.0,,,,
455,00:00.0,,,,
456,00:00.0,,,,
457,00:00.0,,,,
458,00:00.0,,,,
459,00:00.0,,,,
460,00:00.0,,,,
461,00:00.0,,,,
462,00:00.0,,,,
463,00:00.0,,,,
464,00:00.0,,,,
465,00:00.0,,,,
466,00:00.0,,,,
467,00:00.0,,,,
468,00:00.0,,,,
469,00:00.0,,,,
470,00:00.0,,,,
471,00:00.0,,,,
472,00:00.0,,,,
473,00:00.0,,,,
474,00:00.0,,,,
475,00:00.0,,,,
476,00:00.0,,,,
477,00:00.0,,,,
478,00:00.0,,,,
479,00:00.0,,,,
480,00:00.0,,,,
481,00:00.0,,,,
482,00:00.0,,,,
483,00:00.0,,,,
484,00:00.0,,,,
485,00:00.0,,,,
486,00:00.0,,,,
487,00:00.0,,,,
488,00:00.0,,,,
489,00:00.0,,,,
490,00:00.0,,,,
491,00:00.0,,,,
492,00:00.0,,,,
493,00:00.0,,,,
494,00:00.0,,,,
495,00:00.0,,,,
496,00:00.0,,,,
497,00:00.0,,,,
498,00:00.0,,,,
499,00:00.0,0.89525,0.89515,0.89515,
500,00:00.0,0.89549,0.89247,0.89332,0.89405
501,00:00.0,0.89359,0.89331,0.89337,0.89342
502,00:00.0,0.89374,0.89319,0.89335,0.89336
503,00:00.0,0.89375,0.89307,0.89372,0.89337
504,00:00.0,0.89462,0.89365,0.89392,0.89373
505,00:00.0,0.8945,0.89344,0.89344,
506,00:00.0,0.89373,0.89232,0.8927,0.89345
507,00:00.0,0.8939,0.89244,0.89376,0.89271
508,00:00.0,0.89506,0.89374,0.89392,0.89377
509,00:00.0,0.89411,0.89315,0.89377,0.89391
510,00:00.0,0.89379,0.891,0.89103,0.89376
511,00:00.0,0.89179,0.8906,0.89154,0.89104
512,00:00.0,0.89183,0.8905,0.89053,0.89153
513,00:00.0,0.89073,0.88662,0.88695,0.89054
514,00:00.0,0.88818,0.88668,0.88745,0.88697
515,00:00.0,0.88867,0.88734,0.88835,0.88744
516,00:00.0,0.88854,0.88701,,0.88837
517,00:00.0,0.88731,0.88618,0.88628,0.88712
518,00:00.0,0.88711,0.88568,0.88711,0.88627
519,00:00.0,0.88763,0.88533,0.88696,0.88712
520,00:00.0,0.88793,0.8865,0.88753,0.88695
521,00:00.0,0.8876,0.88623,0.8866,0.88754
522,00:00.0,0.88705,0.88623,0.88644,0.88659
523,00:00.0,0.88744,0.88645,0.88719,0.88645
524,00:00.0,0.88836,0.8872,0.88786,0.88723
525,00:00.0,0.88805,0.88733,0.88749,0.88785
526,00:00.0,0.88782,0.88685,0.88746,
527,00:00.0,0.88829,0.88697,0.88816,0.88765
528,00:00.0,0.88832,0.88763,0.88775,0.88814
529,00:00.0,0.88804,0.88699,0.88727,
530,00:00.0,0.89021,0.8872,0.88943,0.88728
531,00:00.0,0.88955,0.8874,0.8888,0.88942
532,00:00.0,0.88963,0.88853,0.88939,0.88879
533,00:00.0,0.8916,0.8892,0.89113,0.88938
534,00:00.0,0.89242,0.89075,0.89168,0.89112
535,00:00.0,0.8917,0.88988,0.88997,0.89169
536,00:00.0,0.89064,0.88853,0.88856,0.88996
537,00:00.0,0.8898,0.88746,0.88947,0.88857
538,00:00.0,0.89283,0.88936,0.8922,0.88946
539,00:00.0,0.89221,0.89109,0.89132,0.89215
540,00:00.0,0.89194,0.89069,0.89124,0.89131
541,00:00.0,0.89123,0.88718,0.88827,0.89123
542,00:00.0,0.88877,0.88575,0.88607,0.88826
543,00:00.0,0.88609,0.88419,0.88485,0.88608
544,00:00.0,0.88589,0.88362,0.88527,0.88483
545,00:00.0,0.8854,0.88322,0.8837,0.88528
546,00:00.0,0.88431,0.88341,0.88388,0.88368
547,00:00.0,0.88468,0.88389,0.88428,0.88389
548,00:00.0,0.88492,0.88418,0.88471,0.88427
549,00:00.0,0.8849,0.88406,0.88426,0.8847
550,00:00.0,0.88503,0.88415,0.88503,
551,00:00.0,0.88552,0.8846,0.88539,0.88501
552,00:00.0,0.88647,0.88509,0.88531,0.88537
553,00:00.0,0.88583,0.88444,0.88454,
554,00:00.0,0.88653,0.884,0.88599,0.88453
555,00:00.0,0.88652,0.88529,0.88601,0.88598
556,00:00.0,0.88653,0.88539,0.88617,0.88602
557,00:00.0,0.88704,0.88616,0.88697,0.88616
558,00:00.0,0.8879,0.88648,0.88768,0.88696
559,00:00.0,0.88881,0.88689,0.88849,0.8877
560,00:00.0,0.88981,0.88814,0.88841,0.88847
561,00:00.0,0.88839,0.88721,0.88754,0.88839
562,00:00.0,0.88757,0.88643,0.88678,0.88753
563,00:00.0,0.88869,0.88679,0.88796,0.88679
564,00:00.0,0.88804,0.88692,0.88736,0.88797
565,00:00.0,0.88853,0.88681,0.88718,0.88735
566,00:00.0,0.8872,0.88584,0.88646,0.88719
567,00:00.0,0.88831,0.88469,0.88721,0.88645
568,00:00.0,0.88825,0.88642,0.88696,0.8872
569,00:00.0,0.8879,0.88683,0.8874,0.88697
570,00:00.0,0.88889,0.88721,0.88811,0.88741
571,00:00.0,0.8881,0.88746,0.88777,0.8881
572,00:00.0,0.88837,0.8874,0.88799,0.88776
573,00:00.0,0.88899,0.88786,0.88855,0.88798
574,00:00.0,0.8888,0.88806,0.88821,0.88853
575,00:00.0,0.8883,0.88728,0.88761,0.88816
576,00:00.0,0.888,0.88566,0.88597,0.88759
577,00:00.0,0.88684,0.88503,0.8864,
578,00:00.0,0.88689,0.88609,0.88629,0.88639
579,00:00.0,0.88629,0.88309,0.88362,0.88628
580,00:00.0,0.88374,0.88186,0.88334,0.8836
581,00:00.0,0.88369,0.88214,0.88218,0.88335
582,00:00.0,0.8825,0.88136,0.8821,0.88219
583,00:00.0,0.88215,0.87972,0.88053,0.88209
584,00:00.0,0.88135,0.87928,0.88059,0.88052
585,00:00.0,0.88244,0.88029,0.88204,0.88056
586,00:00.0,0.88209,0.88043,0.88144,0.88205
587,00:00.0,0.88188,0.88045,0.88136,0.88146
588,00:00.0,0.88169,0.88078,0.88155,0.88137
589,00:00.0,0.88186,0.87972,0.88065,0.88156
590,00:00.0,0.88142,0.87866,0.88046,0.88066
591,00:00.0,0.88275,0.88028,0.88161,0.88047
592,00:00.0,0.88162,0.87873,0.87961,0.88162
593,00:00.0,0.87985,0.87746,0.87802,0.87962
594,00:00.0,0.87994,0.87753,0.87923,0.87801
595,00:00.0,0.87958,0.87829,0.87858,0.87924
596,00:00.0,0.87895,0.8784,0.87842,0.87857
597,00:00.0,0.87915,0.87794,0.87892,0.87841
598,00:00.0,0.88009,0.87879,0.87945,0.8789
599,00:00.0,0.88024,0.87897,0.88022,0.87937
600,00:00.0,0.88101,0.87989,0.88039,0.8802
601,00:00.0,0.88117,0.87958,0.88067,
602,00:00.0,0.88141,0.87988,0.88047,0.88066
603,00:00.0,0.88057,0.87737,0.87813,0.88049
604,00:00.0,0.8788,0.87751,0.8778,0.87814
605,00:00.0,0.8782,0.87532,0.87576,0.87781
606,00:00.0,0.87607,0.87517,0.87568,0.87577
607,00:00.0,0.87732,0.87487,0.87697,0.87569
608,00:00.0,0.87804,0.87641,0.87761,0.87696
609,00:00.0,0.87823,0.87652,0.87819,0.87763
610,00:00.0,0.87897,0.87716,0.87817,0.8782
611,00:00.0,0.88039,0.87818,0.87918,0.87818
612,00:00.0,0.87958,0.87803,0.87866,0.87919
613,00:00.0,0.8802,0.87645,0.87677,0.87865
614,00:00.0,0.87946,0.87666,0.87779,0.87678
615,00:00.0,0.8781,0.87687,0.87757,0.8778
616,00:00.0,0.87833,0.87608,0.87614,0.87758
617,00:00.0,0.87667,0.87563,0.87579,0.87615
618,00:00.0,0.87651,0.87571,0.87636,0.8758
619,00:00.0,0.87691,0.87579,0.87599,0.87635
620,00:00.0,0.87699,0.876,0.87669,0.876
621,00:00.0,0.8774,0.87592,0.87669,0.87671
622,00:00.0,,,,
623,00:00.0,,,,
624,00:00.0,,,,
625,00:00.0,,,,
626,00:00.0,,,,
627,00:00.0,,,,
628,00:00.0,,,,
629,00:00.0,,,,
630,00:00.0,,,,
631,00:00.0,,,,
632,00:00.0,,,,
633,00:00.0,,,,
634,00:00.0,,,,
635,00:00.0,,,,
636,00:00.0,,,,
637,00:00.0,,,,
638,00:00.0,,,,
639,00:00.0,,,,
640,00:00.0,,,,
641,00:00.0,,,,
642,00:00.0,,,,
643,00:00.0,,,,
644,00:00.0,,,,
645,00:00.0,,,,
646,00:00.0,,,,
647,00:00.0,,,,
648,00:00.0,,,,
649,00:00.0,,,,
650,00:00.0,,,,
651,00:00.0,,,,
652,00:00.0,,,,
653,00:00.0,,,,
654,00:00.0,,,,
655,00:00.0,,,,
656,00:00.0,,,,
657,00:00.0,,,,
658,00:00.0,,,,
659,00:00.0,,,,
660,00:00.0,,,,
661,00:00.0,,,,
662,00:00.0,,,,
663,00:00.0,,,,
664,00:00.0,,,,
665,00:00.0,,,,
666,00:00.0,,,,
667,00:00.0,0.87855,0.87754,0.87756,
668,00:00.0,0.87758,0.87567,0.87584,0.87683
669,00:00.0,0.87755,0.87527,0.87566,0.87566
670,00:00.0,0.87649,0.87517,0.87625,0.87547
671,00:00.0,0.87625,0.875,0.87503,0.87595
672,00:00.0,0.87514,0.87285,0.87358,0.87504
673,00:00.0,0.87472,0.87335,0.87391,
674,00:00.0,0.87479,0.87244,0.87372,0.87392
675,00:00.0,0.87376,0.86957,0.86965,0.87371
676,00:00.0,0.87146,0.86946,0.87049,0.86966
677,00:00.0,0.8712,0.86961,0.86996,0.8705
678,00:00.0,0.8704,0.86845,0.86933,0.86995
679,00:00.0,0.87225,0.8693,0.87197,0.86935
680,00:00.0,0.87355,0.87162,0.87202,0.87198
681,00:00.0,0.87239,0.87055,0.87154,0.87203
682,00:00.0,0.87359,0.87146,0.87324,0.87153
683,00:00.0,0.87379,0.87234,0.8734,0.87326
684,00:00.0,0.8741,0.87209,0.8737,0.87341
685,00:00.0,0.87429,0.87234,0.87358,0.87371
686,00:00.0,0.87418,0.87278,0.87291,0.87359
687,00:00.0,0.87316,0.87115,0.8722,0.8729
688,00:00.0,0.87491,0.87187,0.8738,0.87221
689,00:00.0,0.87418,0.87326,0.87348,0.87381
690,00:00.0,0.8736,0.87261,0.87311,0.87347
691,00:00.0,0.87327,0.87243,0.8728,0.8731
692,00:00.0,0.87297,0.87226,0.8724,0.87278
693,00:00.0,0.87255,0.87169,0.87204,0.87239
694,00:00.0,0.87245,0.87174,0.8721,0.87203
695,00:00.0,0.87243,0.87179,0.87206,0.87207
696,00:00.0,0.87235,0.87123,0.8714,0.87211
697,00:00.0,0.87142,0.86949,0.87009,
698,00:00.0,0.87275,0.86965,0.87127,0.8701
699,00:00.0,0.87421,0.87128,0.87421,0.87128
700,00:00.0,0.87693,0.87418,0.87531,0.8742
701,00:00.0,0.87676,0.8747,0.87645,0.8753
702,00:00.0,0.87646,0.87469,0.87511,0.87644
703,00:00.0,0.87676,0.87494,0.87559,0.87512
704,00:00.0,0.87565,0.87375,0.87476,0.8756
705,00:00.0,0.87485,0.87241,0.87299,0.87475
706,00:00.0,0.87406,0.87156,0.87232,0.87298
707,00:00.0,0.87349,0.87213,0.87213,0.87231
708,00:00.0,0.87294,0.87059,0.87135,0.87212
709,00:00.0,0.87227,0.87083,0.87218,0.87134
710,00:00.0,0.87412,0.87206,0.87301,0.87215
711,00:00.0,0.87573,0.87272,0.87515,0.87303
712,00:00.0,0.87587,0.87326,0.87368,0.87513
713,00:00.0,0.87397,0.87259,0.87396,0.87367
714,00:00.0,0.87469,0.87375,0.87424,0.87394
715,00:00.0,0.87557,0.87421,0.87463,0.87426
716,00:00.0,0.87565,0.87446,0.87559,0.87459
717,00:00.0,0.87574,0.87485,0.87492,0.87558
718,00:00.0,0.87496,0.87487,0.87487,0.87496
719,00:00.0,,,,
720,00:00.0,,,,
721,00:00.0,0.87423,0.87251,0.87324,
722,00:00.0,0.8734,0.8682,0.86927,0.87323
723,00:00.0,0.86934,0.8667,0.86755,0.86926
724,00:00.0,0.86844,0.86699,0.86791,0.86754
725,00:00.0,0.86804,0.86648,0.86662,0.8679
726,00:00.0,0.86959,0.86642,0.86945,0.86661
727,00:00.0,0.87069,0.86871,0.8698,0.86944
728,00:00.0,0.8705,0.86857,0.86938,0.86979
729,00:00.0,0.87282,0.86894,0.87213,0.86937
730,00:00.0,0.87285,0.87139,0.87149,0.87214
731,00:00.0,0.87166,0.86975,0.86975,0.87148
732,00:00.0,0.8702,0.86927,0.86978,0.86976
733,00:00.0,0.87253,0.86897,0.87197,0.86979
734,00:00.0,0.87304,0.87112,0.87189,0.87198
735,00:00.0,0.87501,0.87061,0.87075,0.87192
736,00:00.0,0.87369,0.87059,0.87341,0.87076
737,00:00.0,0.87401,0.87231,0.87237,0.8734
738,00:00.0,0.87286,0.87171,0.87198,0.87236
739,00:00.0,0.87328,0.87161,0.87265,0.87197
740,00:00.0,0.87394,0.87227,0.87309,0.87268
741,00:00.0,0.87453,0.8731,0.87397,0.8731
742,00:00.0,0.8742,0.87284,0.87362,0.8739
743,00:00.0,0.87395,0.8731,0.87386,0.87357
744,00:00.0,0.87527,0.87351,0.87436,0.87384
745,00:00.0,0.8758,0.87412,0.87494,
746,00:00.0,0.87949,0.87495,0.87854,0.87495
747,00:00.0,0.88039,0.87777,0.88007,0.87853
748,00:00.0,0.88186,0.87886,0.88108,0.88006
749,00:00.0,0.88122,0.87963,0.881,0.88107
750,00:00.0,0.88176,0.88036,0.88128,0.88101
751,00:00.0,0.88165,0.87832,0.87868,0.88127
752,00:00.0,0.87912,0.87774,0.87855,0.87869
753,00:00.0,0.88102,0.87818,0.87991,0.87854
754,00:00.0,0.88003,0.87727,0.8775,0.8799
755,00:00.0,0.8784,0.87654,0.87779,0.87749
756,00:00.0,0.87835,0.87705,0.87727,0.87778
757,00:00.0,0.87839,0.87711,0.87792,0.87726
758,00:00.0,0.88092,0.87749,0.87887,0.87791
759,00:00.0,0.87898,0.87678,0.87737,0.87889
760,00:00.0,0.87948,0.87665,0.87939,0.87736
761,00:00.0,0.88091,0.8786,0.87983,0.8794
762,00:00.0,0.88075,0.87952,0.88048,0.87982
763,00:00.0,0.88292,0.88043,0.88064,0.88049
764,00:00.0,0.88094,0.88008,0.88012,0.88065
765,00:00.0,0.88117,0.87984,0.88066,0.88011
766,00:00.0,0.88065,0.88065,,0.88065
767,00:00.0,0.88023,0.87933,0.88003,0.8799
768,00:00.0,0.88008,0.87935,0.87941,0.87993
769,00:00.0,0.88007,0.87818,0.87884,
770,00:00.0,0.87984,0.87838,0.87852,0.87885
771,00:00.0,0.87927,0.87754,0.87873,0.87851
772,00:00.0,0.87939,0.87865,0.87913,0.87874
773,00:00.0,0.87936,0.87889,0.87927,0.87916
774,00:00.0,0.87954,0.8788,0.87906,0.87926
775,00:00.0,0.88074,0.87885,0.88004,0.87905
776,00:00.0,0.88003,0.87874,0.87878,0.88003
777,00:00.0,0.87899,0.87767,0.87817,0.87877
778,00:00.0,0.87829,0.8762,0.87645,0.87816
779,00:00.0,0.87681,0.87561,0.87575,0.87647
780,00:00.0,0.87633,0.87509,0.87542,0.87576
781,00:00.0,0.87801,0.87024,0.87211,0.87543
782,00:00.0,0.87286,0.86741,0.86845,0.8721
783,00:00.0,0.8686,0.8644,0.86615,0.86843
784,00:00.0,0.868,0.86608,0.86749,0.86614
785,00:00.0,0.86781,0.86644,0.86731,0.86748
786,00:00.0,0.86802,0.86723,0.86792,0.86732
787,00:00.0,0.86791,0.8672,0.86723,0.86791
788,00:00.0,0.86761,0.86662,0.86737,0.86728
789,00:00.0,0.8682,0.86703,0.8682,0.86738
790,00:00.0,,,,
791,00:00.0,,,,
792,00:00.0,,,,
793,00:00.0,,,,
794,00:00.0,,,,
795,00:00.0,,,,
796,00:00.0,,,,
797,00:00.0,,,,
798,00:00.0,,,,
799,00:00.0,,,,
800,00:00.0,,,,
801,00:00.0,,,,
802,00:00.0,,,,
803,00:00.0,,,,
804,00:00.0,,,,
805,00:00.0,,,,
806,00:00.0,,,,
807,00:00.0,,,,
808,00:00.0,,,,
809,00:00.0,,,,
810,00:00.0,,,,
811,00:00.0,,,,
812,00:00.0,,,,
813,00:00.0,,,,
814,00:00.0,,,,
815,00:00.0,,,,
816,00:00.0,,,,
817,00:00.0,,,,
818,00:00.0,,,,
819,00:00.0,,,,
820,00:00.0,,,,
821,00:00.0,,,,
822,00:00.0,,,,
823,00:00.0,,,,
824,00:00.0,,,,
825,00:00.0,,,,
826,00:00.0,,,,
827,00:00.0,,,,
828,00:00.0,,,,
829,00:00.0,,,,
830,00:00.0,,,,
831,00:00.0,,,,
832,00:00.0,,,,
833,00:00.0,,,,
834,00:00.0,,,,
835,00:00.0,0.86862,0.86785,0.86825,
836,00:00.0,0.86931,0.86853,0.86863,0.86862
837,00:00.0,0.86867,0.8677,0.86849,0.8686
838,00:00.0,0.86857,0.86749,0.86839,0.86853
839,00:00.0,0.86855,0.86536,0.86556,0.86849
840,00:00.0,0.86703,0.86551,0.86631,0.86555
841,00:00.0,0.86864,0.86631,0.86775,
842,00:00.0,0.86923,0.86766,0.86825,0.86776
843,00:00.0,0.86956,0.86814,0.86939,0.86823
844,00:00.0,0.87009,0.86939,0.86948,0.8694
845,00:00.0,0.86951,0.8687,0.86892,0.86949
846,00:00.0,0.86987,0.86884,0.86968,0.8689
847,00:00.0,0.87229,0.86938,0.87209,0.86969
848,00:00.0,0.8736,0.87159,0.87301,0.8721
849,00:00.0,0.87335,0.87212,0.87323,0.87302
850,00:00.0,0.87391,0.87172,0.87239,0.87321
851,00:00.0,0.87351,0.87202,0.87303,0.87238
852,00:00.0,0.87415,0.87285,0.8739,0.87302
853,00:00.0,0.87453,0.87127,0.87168,0.87389
854,00:00.0,0.87281,0.87097,0.87212,0.87166
855,00:00.0,0.87455,0.87205,0.87308,0.87211
856,00:00.0,0.87511,0.8725,0.87475,0.87307
857,00:00.0,0.87482,0.87282,0.87334,0.87476
858,00:00.0,0.87383,0.873,0.8736,0.87335
859,00:00.0,0.87612,0.8736,0.87523,0.87361
860,00:00.0,0.87855,0.87478,0.87584,0.87522
861,00:00.0,0.87697,0.87564,0.87668,0.87583
862,00:00.0,0.87684,0.87672,,0.87677
863,00:00.0,0.87767,0.87615,0.87655,0.87628
864,00:00.0,0.87721,0.87651,0.8771,0.87657
865,00:00.0,0.87808,0.8751,0.87524,
866,00:00.0,0.87556,0.87408,0.87477,0.87522
867,00:00.0,0.8749,0.87323,0.87406,0.87478
868,00:00.0,0.87601,0.87272,0.87444,0.87407
869,00:00.0,0.87752,0.87437,0.87592,0.87443
870,00:00.0,0.87862,0.8759,0.87743,0.8759
871,00:00.0,0.87958,0.87719,0.87943,0.87744
872,00:00.0,0.88121,0.87876,0.87951,0.87944
873,00:00.0,0.87978,0.87811,0.87943,0.8795
874,00:00.0,0.87987,0.87663,0.8768,0.87942
875,00:00.0,0.87841,0.87659,0.87833,0.87682
876,00:00.0,0.88066,0.87782,0.88012,0.87832
877,00:00.0,0.88193,0.87964,0.8807,0.88013
878,00:00.0,0.88351,0.88038,0.88281,0.88069
879,00:00.0,0.88294,0.88065,0.8814,0.88279
880,00:00.0,0.88213,0.88073,0.88084,0.88141
881,00:00.0,0.88234,0.88085,0.88145,0.88085
882,00:00.0,0.88145,0.88004,0.88096,0.88144
883,00:00.0,0.88177,0.88049,0.88127,0.88097
884,00:00.0,0.88282,0.88057,0.88135,0.88128
885,00:00.0,0.88267,0.88125,0.88209,0.88136
886,00:00.0,0.88203,0.88063,0.88103,0.88203
887,00:00.0,0.88156,0.88039,0.88079,0.88105
888,00:00.0,0.88304,0.88078,0.88098,0.88078
889,00:00.0,0.88185,0.88013,0.88174,
890,00:00.0,0.88176,0.8782,0.87949,0.88175
891,00:00.0,0.88034,0.87872,0.87915,0.87948
892,00:00.0,0.87914,0.8763,0.87704,0.87914
893,00:00.0,0.87792,0.87694,0.87694,0.87705
894,00:00.0,0.87709,0.87532,0.87657,0.87695
895,00:00.0,0.87893,0.87659,0.87893,0.87659
896,00:00.0,0.87959,0.87759,0.87916,0.87892
897,00:00.0,0.88038,0.87844,0.87998,0.87917
898,00:00.0,0.88202,0.87897,0.87929,0.87997
899,00:00.0,0.87975,0.87833,0.87879,0.8793
900,00:00.0,0.87898,0.87749,0.87758,0.8788
901,00:00.0,0.87868,0.87651,0.87807,0.87757
902,00:00.0,0.87919,0.87751,0.87751,0.87808
903,00:00.0,0.8782,0.87475,0.87505,0.87749
904,00:00.0,0.8756,0.87455,0.87506,0.87503
905,00:00.0,0.8759,0.87481,0.87577,0.87504
906,00:00.0,0.87579,0.87349,0.87417,0.87575
907,00:00.0,0.88488,0.8741,0.88336,0.87414
908,00:00.0,0.88511,0.88263,0.88479,0.88335
909,00:00.0,0.88518,0.88406,0.88445,0.8848
910,00:00.0,0.88444,0.88337,0.88345,0.88439
911,00:00.0,0.88396,0.88301,0.88375,0.88342
912,00:00.0,0.88542,0.88345,0.88383,0.88374
913,00:00.0,0.88536,0.87985,0.88463,
914,00:00.0,0.88569,0.88421,0.88511,0.88462
915,00:00.0,0.88614,0.88449,0.88543,0.88512
916,00:00.0,0.88852,0.8853,0.8872,0.88542
917,00:00.0,0.88855,0.88721,0.88836,0.88721
918,00:00.0,0.88862,0.88664,0.88681,0.88837
919,00:00.0,0.88868,0.88632,0.88816,0.88682
920,00:00.0,0.88956,0.88762,0.88928,0.88818
921,00:00.0,0.88993,0.88657,0.88676,0.8893
922,00:00.0,0.88749,0.88591,0.88645,0.88677
923,00:00.0,0.88831,0.8862,0.88827,0.88644
924,00:00.0,0.88889,0.88664,0.88664,0.88825
925,00:00.0,0.88706,0.88354,0.88451,0.88663
926,00:00.0,0.88501,0.88258,0.88422,0.8845
927,00:00.0,0.88467,0.88244,0.88254,0.8842
928,00:00.0,0.88306,0.87698,0.87783,0.88253
929,00:00.0,0.87901,0.87699,0.87861,0.87781
930,00:00.0,0.87977,0.87744,0.87787,0.8786
931,00:00.0,0.87814,0.87655,0.87742,0.87788
932,00:00.0,0.87811,0.8771,0.87777,0.87741
933,00:00.0,0.87867,0.87771,0.8785,0.87776
934,00:00.0,0.87849,0.8772,0.87753,0.87843
935,00:00.0,0.87759,0.87607,0.87654,0.87743
936,00:00.0,0.87689,0.87591,0.87646,0.87649
937,00:00.0,0.87682,0.87482,0.87575,
938,00:00.0,0.87738,0.87559,0.87707,0.87574
939,00:00.0,0.87789,0.87651,0.87676,0.87705
940,00:00.0,0.87722,0.8762,0.87719,0.87675
941,00:00.0,0.87798,0.87707,0.87726,0.8772
942,00:00.0,0.87821,0.87681,0.87801,0.87725
943,00:00.0,0.87855,0.87485,0.87557,0.878
944,00:00.0,0.8756,0.87236,0.87268,0.87556
945,00:00.0,0.8732,0.87081,0.87262,0.87267
946,00:00.0,0.87287,0.87114,0.87191,0.87269
947,00:00.0,0.8726,0.87067,0.8717,0.8719
948,00:00.0,0.8724,0.87077,0.87137,0.87171
949,00:00.0,0.87193,0.86888,0.87044,0.87138
950,00:00.0,0.87333,0.87034,0.87224,0.87045
951,00:00.0,0.87238,0.86979,0.87214,0.87226
952,00:00.0,0.8729,0.87131,0.87192,0.87213
953,00:00.0,0.87322,0.87188,0.87233,0.87193
954,00:00.0,0.87283,0.87103,0.87188,0.87234
955,00:00.0,0.87193,0.87062,0.87084,0.87183
956,00:00.0,0.87088,0.86826,0.8686,0.87079
957,00:00.0,0.86922,0.86812,0.86922,0.86859
958,00:00.0,,,,
959,00:00.0,,,,
960,00:00.0,,,,
961,00:00.0,,,,
962,00:00.0,,,,
963,00:00.0,,,,
964,00:00.0,,,,
965,00:00.0,,,,
966,00:00.0,,,,
967,00:00.0,,,,
968,00:00.0,,,,
969,00:00.0,,,,
970,00:00.0,,,,
971,00:00.0,,,,
972,00:00.0,,,,
973,00:00.0,,,,
974,00:00.0,,,,
975,00:00.0,,,,
976,00:00.0,,,,
977,00:00.0,,,,
978,00:00.0,,,,
979,00:00.0,,,,
980,00:00.0,,,,
981,00:00.0,,,,
982,00:00.0,,,,
983,00:00.0,,,,
984,00:00.0,,,,
985,00:00.0,,,,
986,00:00.0,,,,
987,00:00.0,,,,
988,00:00.0,,,,
989,00:00.0,,,,
990,00:00.0,,,,
991,00:00.0,,,,
992,00:00.0,,,,
993,00:00.0,,,,
994,00:00.0,,,,
995,00:00.0,,,,
996,00:00.0,,,,
997,00:00.0,,,,
998,00:00.0,,,,
999,00:00.0,,,,
1000,00:00.0,,,,
1001,00:00.0,,,,
1002,00:00.0,,,,
1003,00:00.0,0.8709,0.86955,0.87083,
1004,00:00.0,0.87101,0.86973,0.87029,0.87018
1005,00:00.0,0.87029,0.86961,0.86969,0.87011
1006,00:00.0,0.87029,0.86823,0.86829,0.8696
1007,00:00.0,0.86852,0.86583,0.86583,0.86833
1008,00:00.0,0.86837,0.86532,0.86783,0.86581
1009,00:00.0,0.86953,0.86531,0.86934,
1010,00:00.0,0.87342,0.86907,0.87302,0.86932
1011,00:00.0,0.87514,0.87196,0.87324,0.87304
1012,00:00.0,0.87376,0.87209,0.87343,0.87323
1013,00:00.0,0.87452,0.87303,0.87363,0.87344
1014,00:00.0,0.87432,0.87292,0.8735,0.87365
1015,00:00.0,0.87436,0.87127,0.87177,0.87345
1016,00:00.0,0.87277,0.87111,0.87267,0.87175
1017,00:00.0,0.87407,0.87247,0.87325,0.87265
1018,00:00.0,0.87483,0.87283,0.87465,0.87326
1019,00:00.0,0.87671,0.87427,0.87565,0.87464
1020,00:00.0,0.87698,0.87563,0.87565,0.87566
1021,00:00.0,0.87701,0.87552,0.87686,0.87564
1022,00:00.0,0.87885,0.87647,0.87798,0.87687
1023,00:00.0,0.87809,0.8752,0.8755,0.87797
1024,00:00.0,0.87704,0.87451,0.87615,0.87549
1025,00:00.0,0.87654,0.87544,0.87564,0.87616
1026,00:00.0,0.87678,0.87546,0.87638,0.87565
1027,00:00.0,0.87668,0.8759,0.87608,0.87633
1028,00:00.0,0.87768,0.87552,0.87552,0.87609
1029,00:00.0,0.87815,0.87543,0.87758,0.87553
1030,00:00.0,0.87777,0.87604,0.87633,0.87767
1031,00:00.0,0.87661,0.87563,0.87584,0.8763
1032,00:00.0,0.87644,0.87489,0.87551,0.87588
1033,00:00.0,0.87548,0.87373,0.87488,
1034,00:00.0,0.87901,0.87445,0.87844,0.87487
1035,00:00.0,0.8814,0.87811,0.88048,0.87843
1036,00:00.0,0.88132,0.8794,0.87945,0.88049
1037,00:00.0,0.88009,0.87886,0.87965,0.87943
1038,00:00.0,0.88017,0.87851,0.87859,0.87967
1039,00:00.0,0.87914,0.87733,0.87778,0.8786
1040,00:00.0,0.87788,0.8754,0.87576,0.87777
1041,00:00.0,0.87583,0.87382,0.875,0.87577
1042,00:00.0,0.87542,0.87189,0.87296,0.87502
1043,00:00.0,0.87439,0.8721,0.87402,0.87294
1044,00:00.0,0.87408,0.87237,0.87363,0.87403
1045,00:00.0,0.87558,0.87327,0.87483,0.87361
1046,00:00.0,0.87527,0.87237,0.87264,0.87485
1047,00:00.0,0.87339,0.87225,0.87281,0.87263
1048,00:00.0,0.87319,0.87204,0.87272,0.87282
1049,00:00.0,0.87324,0.87239,0.87293,0.87273
1050,00:00.0,0.87315,0.87249,0.87274,0.87292
1051,00:00.0,0.87284,0.87044,0.87097,0.87276
1052,00:00.0,0.87114,0.86946,0.87065,0.87098
1053,00:00.0,0.87201,0.87063,0.87183,0.87066
1054,00:00.0,0.87244,0.87123,0.87218,0.87192
1055,00:00.0,0.87227,0.87096,0.87119,0.87219
1056,00:00.0,0.87147,0.86934,0.87099,0.87114
1057,00:00.0,0.87105,0.8686,0.86865,
1058,00:00.0,0.87152,0.86767,0.8708,0.86863
1059,00:00.0,0.8712,0.87001,0.87082,0.87079
1060,00:00.0,0.87222,0.87077,0.87166,0.87081
1061,00:00.0,0.87256,0.87068,0.87217,0.87167
1062,00:00.0,0.87381,0.87171,0.87318,0.87218
1063,00:00.0,0.87505,0.8729,0.87423,0.87319
1064,00:00.0,0.87488,0.87248,0.87288,0.87425
1065,00:00.0,0.8731,0.87187,0.87252,0.87287
1066,00:00.0,0.87334,0.87052,0.87134,0.8725
1067,00:00.0,0.87305,0.87129,0.87241,0.87135
1068,00:00.0,0.87281,0.87132,0.87241,0.87242
1069,00:00.0,0.87878,0.87178,0.87712,0.87242
1070,00:00.0,0.88644,0.87677,0.88022,0.87713
1071,00:00.0,0.88092,0.87794,0.87866,0.88023
1072,00:00.0,0.88115,0.87839,0.87941,0.87865
1073,00:00.0,0.8808,0.87816,0.87863,0.87942
1074,00:00.0,0.87883,0.87189,0.87385,0.87861
1075,00:00.0,0.87781,0.87322,0.87722,0.87388
1076,00:00.0,0.88227,0.87706,0.88139,0.8772
1077,00:00.0,0.88411,0.88082,0.88332,0.88138
1078,00:00.0,0.88362,0.88079,0.88127,0.88345
1079,00:00.0,0.88181,0.87995,0.88025,0.88137
1080,00:00.0,0.8807,0.87788,0.87927,0.88022
1081,00:00.0,0.88166,0.87834,0.88055,
1082,00:00.0,0.88118,0.87934,0.88064,0.88057
1083,00:00.0,0.88067,0.87867,0.87966,0.88065
1084,00:00.0,0.88019,0.87847,0.87886,0.87967
1085,00:00.0,0.87923,0.87833,0.87883,0.87884
1086,00:00.0,0.88011,0.87853,0.87926,0.87882
1087,00:00.0,0.87942,0.87599,0.87693,0.87928
1088,00:00.0,0.87798,0.87448,0.87636,0.87695
1089,00:00.0,0.87658,0.87314,0.87326,0.87635
1090,00:00.0,0.874,0.86964,0.86969,0.87327
1091,00:00.0,0.87215,0.86889,0.87154,0.86968
1092,00:00.0,0.87306,0.8707,0.87125,0.87155
1093,00:00.0,0.87148,0.86885,0.87051,0.87124
1094,00:00.0,0.87375,0.87032,0.87285,0.8705
1095,00:00.0,0.87779,0.87194,0.87678,0.87287
1096,00:00.0,0.87898,0.87503,0.87665,0.87679
1097,00:00.0,0.87785,0.87602,0.87766,0.87663
1098,00:00.0,0.87882,0.87638,0.87647,0.87767
1099,00:00.0,0.87691,0.87585,0.87657,0.87648
1100,00:00.0,0.87707,0.87574,0.87584,0.87656
1101,00:00.0,0.87664,0.87523,0.87604,0.87579
1102,00:00.0,0.87604,0.87508,0.87539,
1103,00:00.0,0.87606,0.87375,0.87589,0.87569
1104,00:00.0,0.87755,0.87577,0.87715,0.87587
1105,00:00.0,0.87868,0.87704,0.87734,
1106,00:00.0,0.87936,0.87724,0.87884,0.87735
1107,00:00.0,0.87884,0.87673,0.87675,0.87883
1108,00:00.0,0.87716,0.87446,0.87474,0.87677
1109,00:00.0,0.87657,0.87396,0.87503,0.87473
1110,00:00.0,0.87555,0.87382,0.87465,0.87502
1111,00:00.0,0.87527,0.87364,0.87468,0.87464
1112,00:00.0,0.87794,0.87389,0.87751,0.87469
1113,00:00.0,0.87917,0.87638,0.87912,0.87752
1114,00:00.0,0.87914,0.87714,0.87756,0.87911
1115,00:00.0,0.87956,0.87754,0.87863,0.87757
1116,00:00.0,0.87938,0.87804,0.87904,0.87862
1117,00:00.0,0.88161,0.87738,0.87794,0.87903
1118,00:00.0,0.87804,0.87455,0.87511,0.87793
1119,00:00.0,0.87741,0.87491,0.87557,0.8751
1120,00:00.0,0.8767,0.87487,0.87609,0.87556
1121,00:00.0,0.87758,0.87575,0.87701,0.87607
1122,00:00.0,0.87742,0.87639,0.87731,0.877
1123,00:00.0,0.8773,0.87582,0.87617,0.8773
1124,00:00.0,0.87669,0.87581,0.87649,0.87618
1125,00:00.0,0.87692,0.87468,0.87474,0.87654
1126,00:00.0,,,,
1127,00:00.0,,,,
1128,00:00.0,,,,
1129,00:00.0,,,,
1130,00:00.0,,,,
1131,00:00.0,,,,
1132,00:00.0,,,,
1133,00:00.0,,,,
1134,00:00.0,,,,
1135,00:00.0,,,,
1136,00:00.0,,,,
1137,00:00.0,,,,
1138,00:00.0,,,,
1139,00:00.0,,,,
1140,00:00.0,,,,
1141,00:00.0,,,,
1142,00:00.0,,,,
1143,00:00.0,,,,
1144,00:00.0,,,,
1145,00:00.0,,,,
1146,00:00.0,,,,
1147,00:00.0,,,,
1148,00:00.0,,,,
1149,00:00.0,,,,
1150,00:00.0,,,,
1151,00:00.0,,,,
1152,00:00.0,,,,
1153,00:00.0,,,,
1154,00:00.0,,,,
1155,00:00.0,,,,
1156,00:00.0,,,,
1157,00:00.0,,,,
1158,00:00.0,,,,
1159,00:00.0,,,,
1160,00:00.0,,,,
1161,00:00.0,,,,
1162,00:00.0,,,,
1163,00:00.0,,,,
1164,00:00.0,,,,
1165,00:00.0,,,,
1166,00:00.0,,,,
1167,00:00.0,,,,
1168,00:00.0,,,,
1169,00:00.0,,,,
1170,00:00.0,,,,
1171,00:00.0,0.87851,0.8761,0.87651,
1172,00:00.0,0.87689,0.87539,0.87649,0.8763
1173,00:00.0,0.87671,0.87566,0.87628,0.87638
1174,00:00.0,0.87715,0.87591,0.87696,0.87616
1175,00:00.0,0.87687,0.87494,0.87494,0.87687
1176,00:00.0,0.8767,0.87489,0.87558,0.87499
1177,00:00.0,0.87793,0.87556,0.87695,
1178,00:00.0,0.87856,0.87683,0.87806,0.87691
1179,00:00.0,0.87893,0.87747,0.87841,0.87805
1180,00:00.0,0.87849,0.87698,0.87748,0.87843
1181,00:00.0,0.87774,0.87698,0.87748,0.87743
1182,00:00.0,0.87802,0.8771,0.87748,0.87743
1183,00:00.0,0.87766,0.87501,0.87594,0.87753
1184,00:00.0,0.87677,0.87524,0.87623,0.87593
1185,00:00.0,0.87696,0.87588,0.87589,0.87622
1186,00:00.0,0.87737,0.87586,0.87688,0.87591
1187,00:00.0,0.87835,0.87625,0.87633,0.8769
1188,00:00.0,0.87684,0.87596,0.8765,0.87632
1189,00:00.0,0.87823,0.87646,0.87754,0.87649
1190,00:00.0,0.8787,0.87723,0.87833,0.87755
1191,00:00.0,0.88,0.87833,0.87846,0.87835
1192,00:00.0,0.87861,0.87794,0.87855,0.87847
1193,00:00.0,0.87957,0.87809,0.87889,0.87856
1194,00:00.0,0.87959,0.87882,0.87894,0.8789
1195,00:00.0,0.87958,0.87884,0.87917,0.87895
1196,00:00.0,0.88037,0.87914,0.87963,0.87916
1197,00:00.0,0.87974,0.87859,0.87871,0.87962
1198,00:00.0,0.88268,0.87833,0.87833,0.87875
1199,00:00.0,0.87958,0.87833,0.87894,0.87835
1200,00:00.0,0.87929,0.87756,0.87781,0.879
1201,00:00.0,0.88012,0.87746,0.87849,
1202,00:00.0,0.87893,0.87613,0.87881,0.87847
1203,00:00.0,0.88161,0.87785,0.88017,0.87916
1204,00:00.0,0.88127,0.87981,0.88123,0.88018
1205,00:00.0,0.883,0.88122,0.88204,0.88125
1206,00:00.0,0.88208,0.88058,0.88201,0.88206
1207,00:00.0,0.88294,0.87964,0.88003,0.88199
1208,00:00.0,0.88167,0.88003,0.88097,0.88004
1209,00:00.0,0.88154,0.87941,0.87951,0.88098
1210,00:00.0,0.88144,0.87931,0.88129,0.8795
1211,00:00.0,0.88189,0.87988,0.87994,0.88128
1212,00:00.0,0.88199,0.87987,0.88152,0.87993
1213,00:00.0,0.88341,0.88088,0.88237,0.88151
1214,00:00.0,0.88274,0.88104,0.88182,0.88236
1215,00:00.0,0.882,0.87985,0.88094,0.88185
1216,00:00.0,0.88119,0.87785,0.87968,0.88095
1217,00:00.0,0.8807,0.8795,0.87954,0.8797
1218,00:00.0,0.88044,0.87933,0.87934,0.87952
1219,00:00.0,0.87939,0.87758,0.87803,0.87932
1220,00:00.0,0.87882,0.87775,0.8781,0.87802
1221,00:00.0,0.87865,0.87797,0.87809,0.87809
1222,00:00.0,0.87921,0.8781,0.87814,0.87828
1223,00:00.0,0.87828,0.87657,0.8766,0.87824
1224,00:00.0,0.87747,0.87651,0.87693,0.87658
1225,00:00.0,0.879,0.8748,0.87776,
1226,00:00.0,0.87863,0.87686,0.8782,0.87777
1227,00:00.0,0.87939,0.87809,0.87907,0.87821
1228,00:00.0,0.87998,0.87895,0.87926,0.87906
1229,00:00.0,0.87972,0.87883,0.87912,0.87927
1230,00:00.0,0.87921,0.87832,0.87884,0.87913
1231,00:00.0,0.88017,0.87836,0.87888,0.87885
1232,00:00.0,0.879,0.87737,0.87803,0.87887
1233,00:00.0,0.87914,0.87742,0.87886,0.87804
1234,00:00.0,0.87925,0.87856,0.879,0.87887
1235,00:00.0,0.87914,0.87836,0.87887,0.87901
1236,00:00.0,0.88064,0.87871,0.87967,0.87888
1237,00:00.0,0.8805,0.87726,0.87738,0.87973
1238,00:00.0,0.87911,0.87679,0.87857,0.87737
1239,00:00.0,0.8805,0.87849,0.8805,0.87856
1240,00:00.0,0.88169,0.87917,0.87928,0.88049
1241,00:00.0,0.8795,0.87841,0.87878,0.87929
1242,00:00.0,0.87933,0.87857,0.87875,0.87876
1243,00:00.0,0.87879,0.8781,0.8782,0.87876
1244,00:00.0,0.87854,0.87748,0.87767,0.87818
1245,00:00.0,0.87953,0.8773,0.87806,0.87766
1246,00:00.0,0.87842,0.87606,0.87679,0.87804
1247,00:00.0,0.87823,0.87647,0.87704,0.87673
1248,00:00.0,0.87753,0.87634,0.87675,0.87702
1249,00:00.0,0.87747,0.87529,0.87543,
1250,00:00.0,0.87807,0.87506,0.87565,0.87544
1251,00:00.0,0.87729,0.8756,0.87598,0.87564
1252,00:00.0,0.87652,0.87546,0.87568,0.87597
1253,00:00.0,0.87636,0.87548,0.87636,0.87569
1254,00:00.0,0.87647,0.87575,0.87609,0.87637
1255,00:00.0,0.87704,0.87581,0.87704,0.87608
1256,00:00.0,0.87984,0.87668,0.8788,0.87703
1257,00:00.0,0.87941,0.87759,0.87818,0.87881
1258,00:00.0,0.87956,0.87799,0.87854,0.87816
1259,00:00.0,0.8789,0.87796,0.87827,0.87855
1260,00:00.0,0.88073,0.87797,0.88007,0.87828
1261,00:00.0,0.88008,0.87813,0.87831,0.88008
1262,00:00.0,0.87841,0.87681,0.87769,0.87832
1263,00:00.0,0.87789,0.87536,0.87645,0.87771
1264,00:00.0,0.87788,0.87617,0.87735,0.87646
1265,00:00.0,0.8778,0.8759,,0.87737
1266,00:00.0,0.87662,0.87535,0.87622,0.87597
1267,00:00.0,0.87656,0.8754,0.8759,0.87621
1268,00:00.0,0.87693,0.87536,0.87559,0.87595
1269,00:00.0,0.87694,0.87557,0.8766,0.87557
1270,00:00.0,0.87708,0.87581,0.87617,0.87655
1271,00:00.0,0.87664,0.87594,0.87614,0.87615
1272,00:00.0,0.87634,0.87552,0.87555,0.87609
1273,00:00.0,0.8756,0.87205,0.87305,
1274,00:00.0,0.87452,0.87279,0.87447,0.87304
1275,00:00.0,0.87475,0.87421,0.87423,0.87448
1276,00:00.0,0.87642,0.87387,0.87565,0.87424
1277,00:00.0,0.87645,0.87523,0.87587,0.87563
1278,00:00.0,0.87745,0.87567,0.87663,0.87588
1279,00:00.0,0.8772,0.87548,0.87553,0.87662
1280,00:00.0,0.87688,0.8751,0.87671,0.87555
1281,00:00.0,0.87864,0.87663,0.87754,0.8767
1282,00:00.0,0.87806,0.87724,0.87755,0.87756
1283,00:00.0,0.87835,0.87752,0.87805,0.87757
1284,00:00.0,0.87887,0.87764,0.87866,0.87803
1285,00:00.0,0.88149,0.87814,0.88083,0.87865
1286,00:00.0,0.88261,0.88043,0.88228,0.88084
1287,00:00.0,0.88249,0.8797,0.87985,0.88229
1288,00:00.0,0.88147,0.87974,0.88118,0.87986
1289,00:00.0,0.8812,0.8801,0.8801,0.88117
1290,00:00.0,0.88125,0.88008,0.88092,0.88009
1291,00:00.0,0.88139,0.87957,0.87966,0.88097
1292,00:00.0,0.88069,0.87967,0.87985,0.87967
1293,00:00.0,0.88119,0.87922,0.87938,0.87987
1294,00:00.0,,,,
1295,00:00.0,,,,
1296,00:00.0,,,,
1297,00:00.0,,,,
1298,00:00.0,,,,
1299,00:00.0,,,,
1300,00:00.0,,,,
1301,00:00.0,,,,
1302,00:00.0,,,,
1303,00:00.0,,,,
1304,00:00.0,,,,
1305,00:00.0,,,,
1306,00:00.0,,,,
1307,00:00.0,,,,
1308,00:00.0,,,,
1309,00:00.0,,,,
1310,00:00.0,,,,
1311,00:00.0,,,,
1312,00:00.0,,,,
1313,00:00.0,,,,
1314,00:00.0,,,,
1315,00:00.0,,,,
1316,00:00.0,,,,
1317,00:00.0,,,,
1318,00:00.0,,,,
1319,00:00.0,,,,
1320,00:00.0,,,,
1321,00:00.0,,,,
1322,00:00.0,,,,
1323,00:00.0,,,,
1324,00:00.0,,,,
1325,00:00.0,,,,
1326,00:00.0,,,,
1327,00:00.0,,,,
1328,00:00.0,,,,
1329,00:00.0,,,,
1330,00:00.0,,,,
1331,00:00.0,,,,
1332,00:00.0,,,,
1333,00:00.0,,,,
1334,00:00.0,,,,
1335,00:00.0,,,,
1336,00:00.0,,,,
1337,00:00.0,,,,
1338,00:00.0,,,,
1339,00:00.0,0.88263,0.88172,0.88183,
1340,00:00.0,0.88225,0.88122,0.88195,0.8819
1341,00:00.0,0.88202,0.88104,0.88122,0.88182
1342,00:00.0,0.88161,0.88061,0.88079,0.88141
1343,00:00.0,0.88093,0.88023,0.88033,0.88068
1344,00:00.0,0.8807,0.87978,0.88052,0.88032
1345,00:00.0,0.88249,0.88056,0.8817,
1346,00:00.0,0.88226,0.88016,0.88135,0.88169
1347,00:00.0,0.88253,0.88066,0.88216,0.88134
1348,00:00.0,0.88219,0.88111,0.88142,0.88215
1349,00:00.0,0.88217,0.88124,0.88178,0.88141
1350,00:00.0,0.88188,0.88123,0.88163,0.88174
1351,00:00.0,0.88243,0.88026,0.88028,0.88164
1352,00:00.0,0.88079,0.87938,0.87957,0.88027
1353,00:00.0,0.88035,0.87904,0.88013,0.87958
1354,00:00.0,0.88187,0.87994,0.88109,0.88015
1355,00:00.0,0.88174,0.87981,0.87981,0.88108
1356,00:00.0,0.88051,0.87905,0.87983,0.8798
1357,00:00.0,0.88038,0.87934,0.87952,0.87978
1358,00:00.0,0.87985,0.87898,0.87944,0.87953
1359,00:00.0,0.88102,0.87928,0.88065,0.87943
1360,00:00.0,0.8808,0.87991,0.87997,0.88067
1361,00:00.0,0.88149,0.87984,0.88102,0.87998
1362,00:00.0,0.88129,0.88058,0.88058,0.881
1363,00:00.0,0.88099,0.88048,0.88088,0.88057
1364,00:00.0,0.88091,0.88042,0.88056,0.88089
1365,00:00.0,0.88059,0.88021,0.88044,0.88058
1366,00:00.0,0.88086,0.88016,0.88049,
1367,00:00.0,0.88044,0.87974,0.87977,0.88044
1368,00:00.0,0.88074,0.87976,0.88064,0.87979
1369,00:00.0,0.88145,0.88016,0.88118,
1370,00:00.0,0.88247,0.88113,0.88179,0.88123
1371,00:00.0,0.88217,0.88132,0.88163,0.8818
1372,00:00.0,0.88302,0.88146,0.88223,0.88165
1373,00:00.0,0.8824,0.88166,0.88184,0.88224
1374,00:00.0,0.88194,0.88113,0.88136,0.88183
1375,00:00.0,0.88232,0.8814,0.88205,0.8814
1376,00:00.0,0.88407,0.88198,0.88296,0.88204
1377,00:00.0,0.88373,0.88253,0.88253,0.88297
1378,00:00.0,0.88318,0.882,0.88301,0.88252
1379,00:00.0,0.88383,0.88242,0.88372,0.88302
1380,00:00.0,0.88452,0.8832,0.88384,0.88374
1381,00:00.0,0.88836,0.88363,0.88651,0.88385
1382,00:00.0,0.88816,0.88536,0.8858,0.8865
1383,00:00.0,0.88621,0.88437,0.88503,0.88583
1384,00:00.0,0.88561,0.88478,0.88483,0.88505
1385,00:00.0,0.8856,0.88463,0.88544,0.88482
1386,00:00.0,0.8863,0.88501,0.88589,0.88541
1387,00:00.0,0.88649,0.88551,0.88574,0.8859
1388,00:00.0,0.88644,0.88554,0.88614,0.88575
1389,00:00.0,0.88622,0.88568,0.88579,0.88615
1390,00:00.0,0.88636,0.88537,0.88537,
1391,00:00.0,0.88605,0.88516,0.88534,0.88567
1392,00:00.0,0.88643,0.88534,0.8861,0.8855
1393,00:00.0,0.88718,0.8858,0.88615,
1394,00:00.0,0.88657,0.88544,0.88635,0.88614
1395,00:00.0,0.88679,0.88613,0.88647,0.88636
1396,00:00.0,0.88686,0.88633,0.88648,0.88649
1397,00:00.0,0.88692,0.88638,0.88685,0.88647
1398,00:00.0,0.88704,0.8864,0.88646,0.88684
1399,00:00.0,0.88713,0.88615,0.88623,0.88645
1400,00:00.0,0.88802,0.88619,0.88749,0.88622
1401,00:00.0,0.88842,0.8873,0.88741,0.88748
1402,00:00.0,0.88832,0.88731,0.88808,0.88739
1403,00:00.0,0.8884,0.88758,0.88822,0.88805
1404,00:00.0,0.88907,0.88798,0.88891,0.8882
1405,00:00.0,0.88947,0.88853,0.88917,0.8889
1406,00:00.0,0.88986,0.88858,0.88926,0.88918
1407,00:00.0,0.89134,0.88918,0.89,0.88925
1408,00:00.0,0.89049,0.88922,0.89034,0.89001
1409,00:00.0,0.89033,0.88911,0.88959,0.89033
1410,00:00.0,0.8903,0.88765,0.88937,0.88961
1411,00:00.0,0.88904,0.87815,0.88055,0.88904
1412,00:00.0,0.88072,0.87909,0.87997,0.88057
1413,00:00.0,0.88018,0.87777,0.88004,0.87998
1414,00:00.0,0.88019,0.87875,0.87942,0.87989
1415,00:00.0,0.88035,0.87888,0.87902,0.87949
1416,00:00.0,0.87938,0.8765,0.877,0.879
1417,00:00.0,0.87798,0.87614,0.87771,
1418,00:00.0,0.878,0.87635,0.87755,0.87769
1419,00:00.0,0.87845,0.87748,0.87789,0.87756
1420,00:00.0,0.87795,0.87672,0.87682,0.8779
1421,00:00.0,0.87755,0.87661,0.87689,0.8768
1422,00:00.0,0.87723,0.87569,0.87662,0.87686
1423,00:00.0,0.87759,0.87637,0.87724,0.87664
1424,00:00.0,0.87788,0.87668,0.8768,0.87726
1425,00:00.0,0.87874,0.87637,0.87872,0.87679
1426,00:00.0,0.87984,0.87837,0.87953,0.87871
1427,00:00.0,0.88064,0.87885,0.87948,0.87952
1428,00:00.0,0.87957,0.8785,0.87864,0.8795
1429,00:00.0,0.88153,0.8761,0.8812,0.87866
1430,00:00.0,0.88159,0.8798,0.88026,0.88118
1431,00:00.0,0.88251,0.88002,0.88227,0.88025
1432,00:00.0,0.88274,0.88083,0.88252,0.88228
1433,00:00.0,0.88423,0.88231,0.88342,0.88251
1434,00:00.0,0.88383,0.88215,0.88254,0.88344
1435,00:00.0,0.88373,0.88248,0.88309,0.88252
1436,00:00.0,0.88378,0.88303,0.88319,0.88314
1437,00:00.0,0.88392,0.88296,0.88377,0.88318
1438,00:00.0,0.88601,0.88344,0.88418,
1439,00:00.0,0.88437,0.88265,0.88285,0.88416
1440,00:00.0,0.88349,0.88228,0.88293,0.88284
1441,00:00.0,0.88365,0.88178,0.88197,
1442,00:00.0,0.88336,0.88185,0.88287,0.88198
1443,00:00.0,0.88316,0.88184,0.88233,0.88288
1444,00:00.0,0.88324,0.88203,0.88254,0.88228
1445,00:00.0,0.88289,0.87941,0.88056,0.88255
1446,00:00.0,0.8811,0.87865,0.8794,0.88058
1447,00:00.0,0.88135,0.87878,0.88031,0.87939
1448,00:00.0,0.88286,0.87863,0.88116,0.8803
1449,00:00.0,0.88215,0.88051,0.88169,0.88115
1450,00:00.0,0.88175,0.88045,0.88159,0.8817
1451,00:00.0,0.88288,0.88138,0.88277,0.8816
1452,00:00.0,0.88388,0.88257,0.88317,0.88275
1453,00:00.0,0.88457,0.87891,0.8791,0.88318
1454,00:00.0,0.87996,0.8774,0.87889,0.87911
1455,00:00.0,0.87893,0.87655,0.87758,0.87888
1456,00:00.0,0.87963,0.87702,0.87919,0.87757
1457,00:00.0,0.88081,0.87885,0.88077,0.8792
1458,00:00.0,0.88076,0.87916,0.87943,0.88076
1459,00:00.0,0.88009,0.87937,0.87959,0.87944
1460,00:00.0,0.88056,0.87949,0.88009,0.8796
1461,00:00.0,0.88206,0.87982,0.87987,0.88008
1462,00:00.0,,,,
1463,00:00.0,,,,
1464,00:00.0,,,,
1465,00:00.0,,,,
1466,00:00.0,,,,
1467,00:00.0,,,,
1468,00:00.0,,,,
1469,00:00.0,,,,
1470,00:00.0,,,,
1471,00:00.0,,,,
1472,00:00.0,,,,
1473,00:00.0,,,,
1474,00:00.0,,,,
1475,00:00.0,,,,
1476,00:00.0,,,,
1477,00:00.0,,,,
1478,00:00.0,,,,
1479,00:00.0,,,,
1480,00:00.0,,,,
1481,00:00.0,,,,
1482,00:00.0,,,,
1483,00:00.0,,,,
1484,00:00.0,,,,
1485,00:00.0,,,,
1486,00:00.0,,,,
1487,00:00.0,,,,
1488,00:00.0,,,,
1489,00:00.0,,,,
1490,00:00.0,,,,
1491,00:00.0,,,,
1492,00:00.0,,,,
1493,00:00.0,,,,
1494,00:00.0,,,,
1495,00:00.0,,,,
1496,00:00.0,,,,
1497,00:00.0,,,,
1498,00:00.0,,,,
1499,00:00.0,,,,
1500,00:00.0,,,,
1501,00:00.0,,,,
1502,00:00.0,,,,
1503,00:00.0,,,,
1504,00:00.0,,,,
1505,00:00.0,,,,
1506,00:00.0,,,,
1507,00:00.0,0.8768,0.87436,0.87521,
1508,00:00.0,0.87549,0.87422,0.87432,0.87519
1509,00:00.0,0.87488,0.87372,0.87419,0.87449
1510,00:00.0,0.8765,0.8742,0.8758,0.87469
1511,00:00.0,0.87623,0.87527,0.87579,0.87593
1512,00:00.0,0.8763,0.87468,0.87529,0.87608
1513,00:00.0,0.87621,0.87109,0.87113,
1514,00:00.0,0.87237,0.87044,0.87181,0.87114
1515,00:00.0,0.87281,0.87153,0.87254,0.87179
1516,00:00.0,0.87318,0.87216,0.87269,0.87253
1517,00:00.0,0.87447,0.87264,0.87374,0.87268
1518,00:00.0,0.87422,0.87345,0.87393,0.87375
1519,00:00.0,0.8754,0.87384,0.87512,0.87388
1520,00:00.0,0.87544,0.87341,0.87421,0.8751
1521,00:00.0,0.87526,0.87422,0.87441,0.87422
1522,00:00.0,0.87562,0.87432,0.87463,0.8744
1523,00:00.0,0.87513,0.87287,0.87371,0.87464
1524,00:00.0,0.87371,0.87104,0.87217,0.87369
1525,00:00.0,0.87244,0.87137,0.87171,0.87216
1526,00:00.0,0.8721,0.87053,0.87146,0.8717
1527,00:00.0,0.87151,0.86991,0.87016,0.87148
1528,00:00.0,0.87179,0.86884,0.87044,0.87013
1529,00:00.0,0.87095,0.86982,0.87004,0.87043
1530,00:00.0,0.87005,0.86845,0.86955,0.87003
1531,00:00.0,0.86976,0.86875,0.86958,0.86954
1532,00:00.0,0.86982,0.86797,0.86872,0.86953
1533,00:00.0,0.86961,0.86835,0.86909,0.86877
1534,00:00.0,0.86924,0.8679,0.86836,0.8691
1535,00:00.0,0.86983,0.86804,0.86911,
1536,00:00.0,0.87009,0.8686,0.86905,0.86913
1537,00:00.0,0.87184,0.86475,0.86754,
1538,00:00.0,0.87043,0.86747,0.86907,0.86752
1539,00:00.0,0.8702,0.86845,0.86896,0.86906
1540,00:00.0,0.87368,0.86887,0.87289,0.86898
1541,00:00.0,0.87365,0.87194,0.8722,0.87288
1542,00:00.0,0.87279,0.87169,0.87272,0.87218
1543,00:00.0,0.87347,0.87227,0.87334,0.87271
1544,00:00.0,0.87342,0.8714,0.87162,0.87335
1545,00:00.0,0.87289,0.87123,0.87276,0.87161
1546,00:00.0,0.87452,0.87199,0.87392,0.87275
1547,00:00.0,0.87503,0.87336,0.87416,0.8739
1548,00:00.0,0.87448,0.87364,0.87428,0.87417
1549,00:00.0,0.87443,0.87233,0.87297,0.87424
1550,00:00.0,0.87387,0.87174,0.87344,0.87299
1551,00:00.0,0.87354,0.87137,0.87192,0.87343
1552,00:00.0,0.87334,0.87126,0.87281,0.87199
1553,00:00.0,0.87356,0.87171,0.87286,0.87279
1554,00:00.0,0.87368,0.8722,0.87333,0.87285
1555,00:00.0,0.87398,0.87278,0.87378,0.87332
1556,00:00.0,0.8744,0.87307,0.87435,0.87373
1557,00:00.0,0.87457,0.87371,0.87375,0.87436
1558,00:00.0,0.87454,0.8732,0.87411,0.87377
1559,00:00.0,0.87632,0.87355,0.87567,0.87395
1560,00:00.0,0.87633,0.8749,0.87531,0.87574
1561,00:00.0,0.87474,0.8734,0.87431,
1562,00:00.0,0.87478,0.87382,0.8744,0.87432
1563,00:00.0,0.87568,0.87402,0.87491,0.87439
1564,00:00.0,0.8755,0.87442,0.87512,0.87492
1565,00:00.0,0.87512,0.873,0.87338,0.87511
1566,00:00.0,0.87395,0.87165,0.87248,0.87337
1567,00:00.0,0.87262,0.86881,0.86954,0.87249
1568,00:00.0,0.87006,0.8688,0.8694,0.86953
1569,00:00.0,0.86972,0.86679,0.86714,0.86942
1570,00:00.0,0.86774,0.86561,0.86626,0.86713
1571,00:00.0,0.86626,0.86132,0.86349,0.86625
1572,00:00.0,0.86384,0.86134,0.86139,0.86348
1573,00:00.0,0.86237,0.86091,0.86104,0.86138
1574,00:00.0,0.86306,0.85997,0.8615,0.86103
1575,00:00.0,0.86187,0.85827,0.85911,0.86151
1576,00:00.0,0.85993,0.85661,0.85935,0.85913
1577,00:00.0,0.85971,0.858,0.85916,0.85936
1578,00:00.0,0.85927,0.85737,0.85824,0.85914
1579,00:00.0,0.85855,0.85705,0.85714,0.85823
1580,00:00.0,0.85853,0.85706,0.85806,0.85713
1581,00:00.0,0.85953,0.85801,0.85941,0.85802
1582,00:00.0,0.86008,0.85912,0.85964,0.85942
1583,00:00.0,0.85972,0.8573,0.85759,0.85959
1584,00:00.0,0.85847,0.85647,0.85794,0.85753
1585,00:00.0,0.86092,0.85545,0.85652,
1586,00:00.0,0.8585,0.85646,0.85795,0.8565
1587,00:00.0,0.8604,0.85686,0.85702,0.85794
1588,00:00.0,0.85745,0.85567,0.85737,0.85703
1589,00:00.0,0.86119,0.85679,0.861,0.85736
1590,00:00.0,0.8622,0.85968,0.86193,0.86101
1591,00:00.0,0.86216,0.86068,0.86096,0.86194
1592,00:00.0,0.86273,0.86042,0.86155,0.86095
1593,00:00.0,0.86212,0.85997,0.86177,0.86154
1594,00:00.0,0.86272,0.86117,0.86178,0.86176
1595,00:00.0,0.86216,0.86114,0.86144,0.8618
1596,00:00.0,0.86153,0.86043,0.86116,0.86143
1597,00:00.0,0.86197,0.86073,0.86163,0.86117
1598,00:00.0,0.86208,0.8578,0.85903,0.86168
1599,00:00.0,0.86135,0.85735,0.86131,0.85902
1600,00:00.0,0.86129,0.85763,0.85918,0.86129
1601,00:00.0,0.85967,0.85797,0.85798,0.85916
1602,00:00.0,0.85817,0.85626,0.85656,0.858
1603,00:00.0,0.85815,0.85634,0.85782,0.85655
1604,00:00.0,0.85796,0.85698,0.8573,0.8578
1605,00:00.0,0.85749,0.85628,0.85645,0.85729
1606,00:00.0,0.85676,0.85599,0.8563,0.8565
1607,00:00.0,0.85694,0.85599,0.85614,0.85633
1608,00:00.0,0.85654,0.85537,0.85629,0.85624
1609,00:00.0,0.8577,0.85484,0.85655,
1610,00:00.0,0.85707,0.85497,0.85619,0.85654
1611,00:00.0,0.85736,0.85582,0.85628,0.8562
1612,00:00.0,0.85679,0.85516,0.85579,0.8563
1613,00:00.0,0.85604,0.8543,0.85459,0.85578
1614,00:00.0,0.85623,0.85418,0.8554,0.85457
1615,00:00.0,0.85656,0.85508,0.85599,0.85539
1616,00:00.0,0.85792,0.85576,0.85761,0.85598
1617,00:00.0,0.85947,0.85761,0.85942,0.85762
1618,00:00.0,0.85971,0.85869,0.8596,0.85944
1619,00:00.0,0.86054,0.85928,0.86042,0.85961
1620,00:00.0,0.86058,0.85923,0.85984,0.86043
1621,00:00.0,0.85989,0.85831,0.85943,0.85982
1622,00:00.0,0.86568,0.85684,0.85952,0.85945
1623,00:00.0,0.86383,0.85915,0.86275,0.85953
1624,00:00.0,0.86314,0.86085,0.86117,0.86276
1625,00:00.0,0.86224,0.86082,0.86204,0.86116
1626,00:00.0,0.86315,0.86201,0.86262,0.86202
1627,00:00.0,0.866,0.86241,0.86431,0.86261
1628,00:00.0,0.86447,0.86302,0.86378,0.86432
1629,00:00.0,0.86497,0.86323,0.86345,0.86379
1630,00:00.0,0.86407,0.86342,0.86407,0.86344
1631,00:00.0,,,,
1632,00:00.0,,,,
1633,00:00.0,,,,
1634,00:00.0,,,,
1635,00:00.0,,,,
1636,00:00.0,,,,
1637,00:00.0,,,,
1638,00:00.0,,,,
1639,00:00.0,,,,
1640,00:00.0,,,,
1641,00:00.0,,,,
1642,00:00.0,,,,
1643,00:00.0,,,,
1644,00:00.0,,,,
1645,00:00.0,,,,
1646,00:00.0,,,,
1647,00:00.0,,,,
1648,00:00.0,,,,
1649,00:00.0,,,,
1650,00:00.0,,,,
1651,00:00.0,,,,
1652,00:00.0,,,,
1653,00:00.0,,,,
1654,00:00.0,,,,
1655,00:00.0,,,,
1656,00:00.0,,,,
1657,00:00.0,,,,
1658,00:00.0,,,,
1659,00:00.0,,,,
1660,00:00.0,,,,
1661,00:00.0,,,,
1662,00:00.0,,,,
1663,00:00.0,,,,
1664,00:00.0,,,,
1665,00:00.0,,,,
1666,00:00.0,,,,
1667,00:00.0,,,,
1668,00:00.0,,,,
1669,00:00.0,,,,
1670,00:00.0,,,,
1671,00:00.0,,,,
1672,00:00.0,,,,
1673,00:00.0,,,,
1674,00:00.0,,,,
1675,00:00.0,0.86705,0.86502,0.86662,
1676,00:00.0,0.86794,0.86622,0.86721,0.86672
1677,00:00.0,0.86759,0.86624,0.86694,0.86731
1678,00:00.0,0.86692,0.86512,0.8657,0.86692
1679,00:00.0,0.86559,0.8644,0.86458,0.86559
1680,00:00.0,0.86559,0.86424,0.86438,0.86441
1681,00:00.0,,,,
1682,00:00.0,0.86725,0.86476,0.86721,
1683,00:00.0,0.86837,0.86654,0.86669,0.86723
1684,00:00.0,0.86779,0.86632,0.8673,0.8667
1685,00:00.0,0.86769,0.86709,0.86719,0.86731
1686,00:00.0,0.86821,0.86681,0.8675,0.86721
1687,00:00.0,0.86837,0.86657,0.86672,0.86748
1688,00:00.0,0.86806,0.86592,0.86738,0.86673
1689,00:00.0,0.86755,0.86678,0.86712,0.86737
1690,00:00.0,0.86836,0.86702,0.8679,0.86713
1691,00:00.0,0.86813,0.86693,0.86791,0.86789
1692,00:00.0,0.86803,0.86574,0.86632,0.86793
1693,00:00.0,0.86693,0.86623,0.86681,0.86634
1694,00:00.0,0.86695,0.86581,0.86644,0.86682
1695,00:00.0,0.86642,0.86419,0.86452,0.86642
1696,00:00.0,0.86488,0.86315,0.86423,0.86451
1697,00:00.0,0.86431,0.86238,0.86254,0.86424
1698,00:00.0,0.86328,0.86226,0.86274,0.86255
1699,00:00.0,0.86301,0.86203,0.86262,0.86276
1700,00:00.0,0.86263,0.86098,0.86164,0.86261
1701,00:00.0,0.86187,0.86113,0.86179,0.86165
1702,00:00.0,0.8626,0.86163,0.86254,0.86174
1703,00:00.0,0.86279,0.86224,0.86243,0.86246
1704,00:00.0,0.86354,0.86233,0.8626,0.86247
1705,00:00.0,0.86415,0.86159,0.86394,
1706,00:00.0,0.86515,0.86363,0.86435,0.86392
1707,00:00.0,0.86501,0.864,0.86462,0.86436
1708,00:00.0,0.86546,0.86371,0.86379,0.86463
1709,00:00.0,0.86436,0.86172,0.86214,0.8638
1710,00:00.0,0.86363,0.86162,0.86354,0.86213
1711,00:00.0,0.86353,0.86098,0.86129,0.86353
1712,00:00.0,0.86247,0.86012,0.86055,0.8613
1713,00:00.0,0.86103,0.8592,0.85971,0.86056
1714,00:00.0,0.86141,0.85933,0.8607,0.85972
1715,00:00.0,0.86169,0.8604,0.86145,0.86072
1716,00:00.0,0.86407,0.86142,0.86328,0.86147
1717,00:00.0,0.8642,0.86316,0.86326,0.86329
1718,00:00.0,0.8662,0.86309,0.86447,0.86328
1719,00:00.0,0.86588,0.86438,0.86478,0.86448
1720,00:00.0,0.86603,0.86392,0.86601,0.86477
1721,00:00.0,0.86857,0.86559,0.86761,0.86599
1722,00:00.0,0.86805,0.86668,0.86751,0.86762
1723,00:00.0,0.87003,0.8672,0.86912,0.86753
1724,00:00.0,0.87206,0.86902,0.87022,0.86913
1725,00:00.0,0.87077,0.86966,0.86981,0.87023
1726,00:00.0,0.87056,0.86846,0.86903,0.86983
1727,00:00.0,0.87025,0.86869,0.86939,0.86894
1728,00:00.0,0.87073,0.86899,0.87052,0.86938
1729,00:00.0,0.87096,0.86774,0.86818,
1730,00:00.0,0.8696,0.86812,0.8686,0.86819
1731,00:00.0,0.87027,0.8685,0.86905,0.86861
1732,00:00.0,0.86954,0.86838,0.86838,0.86903
1733,00:00.0,0.86868,0.86664,0.86752,0.86839
1734,00:00.0,0.8696,0.86736,0.86859,0.86751
1735,00:00.0,0.86989,0.86856,0.86893,0.86861
1736,00:00.0,0.87215,0.86863,0.87159,0.86892
1737,00:00.0,0.87166,0.86993,0.87033,0.87158
1738,00:00.0,0.87055,0.86878,0.87035,0.87035
1739,00:00.0,0.87301,0.87025,0.87192,0.87034
1740,00:00.0,0.87299,0.87103,0.87142,0.87191
1741,00:00.0,0.87178,0.87063,0.87083,0.87141
1742,00:00.0,0.87256,0.87049,0.87151,0.87084
1743,00:00.0,0.87234,0.87086,0.87215,0.87152
1744,00:00.0,0.87476,0.87214,0.87345,0.87216
1745,00:00.0,0.87401,0.87315,0.8735,0.87344
1746,00:00.0,0.87399,0.87216,0.87216,0.87351
1747,00:00.0,0.87278,0.8708,0.87126,0.87217
1748,00:00.0,0.87173,0.87067,0.87165,0.87128
1749,00:00.0,0.87212,0.87133,0.87187,0.87166
1750,00:00.0,0.873,0.87158,0.87224,0.87186
1751,00:00.0,0.87266,0.87114,0.87127,
1752,00:00.0,0.87235,0.87082,0.87104,0.87133
1753,00:00.0,0.87218,0.87102,0.87142,
1754,00:00.0,0.87295,0.87116,0.87283,0.87141
1755,00:00.0,0.8736,0.86731,0.86989,0.87282
1756,00:00.0,0.87074,0.86888,0.87016,0.86987
1757,00:00.0,0.87064,0.86932,0.87023,0.87018
1758,00:00.0,0.87106,0.86855,0.87023,0.87022
1759,00:00.0,0.87206,0.86984,0.87035,0.87022
1760,00:00.0,0.87131,0.86993,0.87091,0.87033
1761,00:00.0,0.87448,0.87089,0.87412,0.8709
1762,00:00.0,0.87504,0.87361,0.87443,0.87413
1763,00:00.0,0.87688,0.87443,0.87581,0.87445
1764,00:00.0,0.87598,0.87423,0.87424,0.87582
1765,00:00.0,0.87563,0.87373,0.87485,0.87426
1766,00:00.0,0.87569,0.8735,0.87392,0.87486
1767,00:00.0,0.87465,0.87373,0.87412,0.87393
1768,00:00.0,0.87482,0.87332,0.87391,0.87409
1769,00:00.0,0.87443,0.87249,0.87301,0.87392
1770,00:00.0,0.87309,0.87161,0.87184,0.873
1771,00:00.0,0.87233,0.87098,0.87184,0.87186
1772,00:00.0,0.87259,0.87177,0.87248,0.87185
1773,00:00.0,0.87253,0.8714,0.87167,0.87243
1774,00:00.0,0.87274,0.87154,0.87274,0.87168
1775,00:00.0,0.87275,0.87106,0.87116,0.87271
1776,00:00.0,0.87162,0.87047,0.8707,0.87114
1777,00:00.0,0.8717,0.86919,0.86964,
1778,00:00.0,0.87131,0.86946,0.87071,0.86966
1779,00:00.0,0.87097,0.86917,0.86932,0.87072
1780,00:00.0,0.86989,0.86868,0.86912,0.86933
1781,00:00.0,0.86994,0.86879,0.86919,0.86914
1782,00:00.0,0.86923,0.86775,0.86853,0.86918
1783,00:00.0,0.86915,0.86794,0.86915,0.86852
1784,00:00.0,0.87031,0.86819,0.8695,0.86914
1785,00:00.0,0.86976,0.86859,0.86923,0.86951
1786,00:00.0,0.87132,0.86914,0.87073,0.86921
1787,00:00.0,0.87183,0.8703,0.87115,0.87071
1788,00:00.0,0.87118,0.86892,0.86942,0.87113
1789,00:00.0,0.86984,0.86837,0.86838,0.86941
1790,00:00.0,0.86908,0.86497,0.86644,0.8684
1791,00:00.0,0.86798,0.86593,0.86692,0.86643
1792,00:00.0,0.87373,0.86683,0.87297,0.86689
1793,00:00.0,0.87448,0.8716,0.87373,0.87298
1794,00:00.0,0.87817,0.87374,0.87428,0.87374
1795,00:00.0,0.87516,0.87421,0.8751,0.87429
1796,00:00.0,0.87671,0.87509,0.87575,0.87509
1797,00:00.0,0.87616,0.87538,0.87596,0.87574
1798,00:00.0,0.87787,0.87501,0.87787,0.87601
1799,00:00.0,,,,
1800,00:00.0,,,,
1801,00:00.0,,,,
1802,00:00.0,,,,
1803,00:00.0,,,,
1804,00:00.0,,,,
1805,00:00.0,,,,
1806,00:00.0,,,,
1807,00:00.0,,,,
1808,00:00.0,,,,
1809,00:00.0,,,,
1810,00:00.0,,,,
1811,00:00.0,,,,
1812,00:00.0,,,,
1813,00:00.0,,,,
1814,00:00.0,,,,
1815,00:00.0,,,,
1816,00:00.0,,,,
1817,00:00.0,,,,
1818,00:00.0,,,,
1819,00:00.0,,,,
1820,00:00.0,,,,
1821,00:00.0,,,,
1822,00:00.0,,,,
1823,00:00.0,,,,
1824,00:00.0,,,,
1825,00:00.0,,,,
1826,00:00.0,,,,
1827,00:00.0,,,,
1828,00:00.0,,,,
1829,00:00.0,,,,
1830,00:00.0,,,,
1831,00:00.0,,,,
1832,00:00.0,,,,
1833,00:00.0,,,,
1834,00:00.0,,,,
1835,00:00.0,,,,
1836,00:00.0,,,,
1837,00:00.0,,,,
1838,00:00.0,,,,
1839,00:00.0,,,,
1840,00:00.0,,,,
1841,00:00.0,,,,
1842,00:00.0,,,,
1843,00:00.0,0.87904,0.87663,0.87753,
1844,00:00.0,0.8777,0.87715,0.87752,0.87765
1845,00:00.0,0.87823,0.8769,0.87786,0.87741
1846,00:00.0,0.87846,0.87758,0.87834,0.8779
1847,00:00.0,0.87835,0.87588,0.87597,0.87828
1848,00:00.0,0.87653,0.87481,0.87531,0.87601
1849,00:00.0,0.87746,0.8749,0.87605,
1850,00:00.0,0.87872,0.87606,0.87776,0.87606
1851,00:00.0,0.8798,0.87746,0.8791,0.87775
1852,00:00.0,0.87957,0.87819,0.87833,0.87911
1853,00:00.0,0.87933,0.87803,0.87886,0.87835
1854,00:00.0,0.87932,0.87841,0.87889,0.87888
1855,00:00.0,0.87898,0.87785,0.8781,0.87887
1856,00:00.0,0.87812,0.87644,0.87709,0.87811
1857,00:00.0,0.87722,0.87582,0.87587,0.8771
1858,00:00.0,0.87589,0.8728,0.87295,0.87588
1859,00:00.0,0.87329,0.87214,0.87297,0.87292
1860,00:00.0,0.87388,0.87289,0.87318,0.87296
1861,00:00.0,0.87354,0.87243,0.87319,0.87315
1862,00:00.0,0.87378,0.87221,0.8727,0.87324
1863,00:00.0,0.87293,0.86998,0.87035,0.87271
1864,00:00.0,0.87146,0.86965,0.87139,0.87034
1865,00:00.0,0.87229,0.87119,0.87172,0.87138
1866,00:00.0,0.87231,0.87119,0.87119,0.87173
1867,00:00.0,0.87184,0.87112,0.87145,0.87118
1868,00:00.0,0.87169,0.87094,0.87096,0.8715
1869,00:00.0,0.87169,0.87079,0.87109,0.87097
1870,00:00.0,0.87169,0.87098,0.87106,0.87104
1871,00:00.0,0.87192,0.87004,0.87014,0.87105
1872,00:00.0,0.87114,0.8699,0.87088,0.87004
1873,00:00.0,0.87266,0.87047,0.87247,
1874,00:00.0,0.87259,0.87102,0.87199,0.87246
1875,00:00.0,0.87348,0.87201,0.87295,0.87201
1876,00:00.0,0.87304,0.87204,0.8723,0.87297
1877,00:00.0,0.87271,0.87203,0.8722,0.87232
1878,00:00.0,0.87248,0.87174,0.87199,0.87224
1879,00:00.0,0.87218,0.87136,0.8718,0.872
1880,00:00.0,0.87359,0.87183,0.87245,0.87185
1881,00:00.0,0.87486,0.87156,0.87474,0.87246
1882,00:00.0,0.87473,0.87085,0.87104,0.87473
1883,00:00.0,0.87176,0.86836,0.87067,0.87105
1884,00:00.0,0.87215,0.87063,0.87184,0.87066
1885,00:00.0,0.87194,0.87058,0.8711,0.87185
1886,00:00.0,0.87387,0.8709,0.87295,0.87108
1887,00:00.0,0.87326,0.87166,0.87264,0.87296
1888,00:00.0,0.87336,0.87156,0.8731,0.87254
1889,00:00.0,0.87356,0.87232,0.87254,0.87309
1890,00:00.0,0.87317,0.87247,0.87299,0.87255
1891,00:00.0,0.87342,0.87259,0.87313,0.87294
1892,00:00.0,0.87332,0.87279,0.87309,0.87312
1893,00:00.0,0.87324,0.87254,0.87271,0.8731
1894,00:00.0,0.87295,0.87218,0.8724,0.87272
1895,00:00.0,0.87258,0.87146,0.87206,0.87235
1896,00:00.0,0.8723,0.87081,0.87096,0.87218
1897,00:00.0,0.87117,0.86902,0.86958,
1898,00:00.0,0.86961,0.86728,0.86878,0.86959
1899,00:00.0,0.8691,0.86723,0.8674,0.86877
1900,00:00.0,0.86759,0.86591,0.867,0.86739
1901,00:00.0,0.86721,0.86588,0.86658,0.86699
1902,00:00.0,0.86684,0.86567,0.86652,0.8666
1903,00:00.0,0.86786,0.86625,0.86728,0.86651
1904,00:00.0,0.86766,0.86504,0.86626,0.86727
1905,00:00.0,0.86683,0.86506,0.86516,0.86625
1906,00:00.0,0.86518,0.86233,0.86338,0.86518
1907,00:00.0,0.8648,0.86308,0.86463,0.86339
1908,00:00.0,0.86474,0.86364,0.86437,0.86462
1909,00:00.0,0.86464,0.86296,0.86337,0.86438
1910,00:00.0,0.86556,0.86316,0.86534,0.86336
1911,00:00.0,0.86542,0.86364,0.86374,0.86533
1912,00:00.0,0.86377,0.86151,0.86288,0.86375
1913,00:00.0,0.86378,0.86226,0.86231,0.86287
1914,00:00.0,0.86313,0.86212,0.86242,0.8623
1915,00:00.0,0.86311,0.86187,0.86283,0.86243
1916,00:00.0,0.86608,0.86033,0.86173,0.86282
1917,00:00.0,0.86215,0.86059,0.86153,0.86176
1918,00:00.0,0.86276,0.86134,0.86206,0.86155
1919,00:00.0,0.86268,0.86019,0.86037,
1920,00:00.0,0.86092,0.85949,0.86054,0.86039
1921,00:00.0,0.8614,0.85998,0.86057,
1922,00:00.0,0.86192,0.85875,0.86086,0.86058
1923,00:00.0,0.86178,0.86044,0.86116,0.86087
1924,00:00.0,0.86135,0.85976,0.85999,0.86117
1925,00:00.0,0.86038,0.85846,0.85944,0.85998
1926,00:00.0,0.85965,0.85869,0.85932,0.85942
1927,00:00.0,0.86018,0.85877,0.85938,0.85933
1928,00:00.0,0.85948,0.85675,0.85792,0.85937
1929,00:00.0,0.86096,0.85765,0.85928,0.85791
1930,00:00.0,0.85998,0.85777,0.8598,0.85927
1931,00:00.0,0.86155,0.85944,0.86155,0.85981
1932,00:00.0,0.86206,0.86094,0.86155,0.86156
1933,00:00.0,0.86245,0.86095,0.86158,0.86154
1934,00:00.0,0.86239,0.85923,0.86096,0.86157
1935,00:00.0,0.86271,0.86035,0.86258,0.86098
1936,00:00.0,0.86355,0.86027,0.8624,0.86263
1937,00:00.0,0.86285,0.8605,0.86099,0.86238
1938,00:00.0,0.86191,0.86099,0.86188,0.861
1939,00:00.0,0.86416,0.8618,0.86389,0.86189
1940,00:00.0,0.86423,0.86325,0.86378,0.8639
1941,00:00.0,0.86378,0.86297,0.86298,0.86373
1942,00:00.0,0.86349,0.86239,0.86257,0.86303
1943,00:00.0,0.86306,0.8619,0.86204,0.86264
1944,00:00.0,0.86241,0.86154,0.86219,0.86205
1945,00:00.0,0.86346,0.86209,0.86223,
1946,00:00.0,0.86505,0.86224,0.86467,0.86224
1947,00:00.0,0.86537,0.86329,0.86355,0.86468
1948,00:00.0,0.86422,0.86319,0.8638,0.86356
1949,00:00.0,0.86504,0.86334,0.8634,0.86379
1950,00:00.0,0.86469,0.86305,0.8632,0.86339
1951,00:00.0,0.86375,0.86223,0.86285,0.86321
1952,00:00.0,0.86392,0.86232,0.86362,0.86286
1953,00:00.0,0.86446,0.86084,0.86085,0.86363
1954,00:00.0,0.86419,0.86071,0.86314,0.86084
1955,00:00.0,0.87253,0.86248,0.86844,0.86315
1956,00:00.0,0.87118,0.86845,0.87006,0.86846
1957,00:00.0,0.87139,0.87002,0.87081,0.87005
1958,00:00.0,0.87205,0.8695,0.86962,0.87082
1959,00:00.0,0.87046,0.86862,0.86862,0.86961
1960,00:00.0,0.87008,0.86837,0.86841,0.86863
1961,00:00.0,0.86893,0.86711,0.86743,0.86842
1962,00:00.0,0.8681,0.8666,0.86808,0.86744
1963,00:00.0,0.86818,0.86717,0.8672,0.86806
1964,00:00.0,0.86745,0.86617,0.86622,0.86721
1965,00:00.0,0.86709,0.86625,0.867,0.86625
1966,00:00.0,0.86794,0.8667,0.86755,0.86701
1967,00:00.0,,,,
1968,00:00.0,,,,
1969,00:00.0,,,,
1970,00:00.0,,,,
1971,00:00.0,,,,
1972,00:00.0,,,,
1973,00:00.0,,,,
1974,00:00.0,,,,
1975,00:00.0,,,,
1976,00:00.0,,,,
1977,00:00.0,,,,
1978,00:00.0,,,,
1979,00:00.0,,,,
1980,00:00.0,,,,
1981,00:00.0,,,,
1982,00:00.0,,,,
1983,00:00.0,,,,
1984,00:00.0,,,,
1985,00:00.0,,,,
1986,00:00.0,,,,
1987,00:00.0,,,,
1988,00:00.0,,,,
1989,00:00.0,,,,
1990,00:00.0,,,,
1991,00:00.0,,,,
1992,00:00.0,,,,
1993,00:00.0,,,,
1994,00:00.0,,,,
1995,00:00.0,,,,
1996,00:00.0,,,,
1997,00:00.0,,,,
1998,00:00.0,,,,
1999,00:00.0,,,,
2000,00:00.0,,,,
2001,00:00.0,,,,
2002,00:00.0,,,,
2003,00:00.0,,,,
2004,00:00.0,,,,
2005,00:00.0,,,,
2006,00:00.0,,,,
2007,00:00.0,,,,
2008,00:00.0,,,,
2009,00:00.0,,,,
2010,00:00.0,,,,
2011,00:00.0,0.86823,0.86722,0.86722,
2012,00:00.0,0.86789,0.86702,0.86779,0.86723
2013,00:00.0,0.86918,0.86749,0.86778,0.8677
2014,00:00.0,0.86919,0.86788,0.8683,0.86798
2015,00:00.0,0.86851,0.86702,0.86702,0.86829
2016,00:00.0,0.86888,0.86695,0.86806,0.86695
2017,00:00.0,0.86959,0.86795,0.869,
2018,00:00.0,0.86959,0.86795,0.86949,0.86904
2019,00:00.0,0.87015,0.86881,0.86943,0.86954
2020,00:00.0,0.86987,0.86847,0.86851,0.86942
2021,00:00.0,0.86901,0.86821,0.86874,0.86846
2022,00:00.0,0.86905,0.86834,0.86843,0.86875
2023,00:00.0,0.86878,0.86814,0.86849,0.86842
2024,00:00.0,0.8685,0.86678,0.86715,0.86844
2025,00:00.0,0.86759,0.86482,0.86483,0.86714
2026,00:00.0,0.86542,0.86347,0.86469,0.86482
2027,00:00.0,0.86477,0.86383,0.86473,0.86468
2028,00:00.0,0.86494,0.86364,0.86403,0.86478
2029,00:00.0,0.86425,0.86233,0.86254,0.86402
2030,00:00.0,0.86328,0.86242,0.86303,0.86253
2031,00:00.0,0.86346,0.86132,0.8624,0.86305
2032,00:00.0,0.86341,0.86143,0.86161,0.86239
2033,00:00.0,0.86255,0.86149,0.86153,0.86163
2034,00:00.0,0.86154,0.86029,0.86133,0.86154
2035,00:00.0,0.86195,0.86101,0.86108,0.86131
2036,00:00.0,0.8614,0.8609,0.86101,0.86107
2037,00:00.0,0.86216,0.86095,0.8614,0.86099
2038,00:00.0,0.86239,0.86115,0.8621,0.86135
2039,00:00.0,0.86257,0.86136,0.86144,
2040,00:00.0,0.86215,0.85914,0.86023,0.86134
2041,00:00.0,0.86147,0.86011,0.86094,
2042,00:00.0,0.86196,0.85881,0.85997,0.86095
2043,00:00.0,0.86062,0.8572,0.85768,0.85995
2044,00:00.0,0.85873,0.85707,0.85793,0.85766
2045,00:00.0,0.86013,0.85763,0.85928,0.85794
2046,00:00.0,0.86092,0.85923,0.86051,0.85929
2047,00:00.0,0.86049,0.85962,0.8599,0.86049
2048,00:00.0,0.86076,0.85648,0.85781,0.85991
2049,00:00.0,0.85817,0.85499,0.85614,0.85779
2050,00:00.0,0.8562,0.85239,0.85404,0.85616
2051,00:00.0,0.85498,0.85378,0.85495,0.85403
2052,00:00.0,0.8553,0.85348,0.85377,0.85496
2053,00:00.0,0.85461,0.85286,0.85348,0.85376
2054,00:00.0,0.85372,0.85145,0.85261,0.85346
2055,00:00.0,0.85527,0.85198,0.854,0.85264
2056,00:00.0,0.85496,0.85171,0.85394,0.85402
2057,00:00.0,0.8546,0.85187,0.85216,0.85396
2058,00:00.0,0.85306,0.85188,0.85239,0.85217
2059,00:00.0,0.85369,0.85224,0.85354,0.85237
2060,00:00.0,0.85379,0.85194,0.85225,0.85355
2061,00:00.0,0.8535,0.85209,0.85315,0.85224
2062,00:00.0,0.85366,0.85278,0.85354,0.85316
2063,00:00.0,0.85413,0.85269,0.85347,0.85349
2064,00:00.0,0.85645,0.85323,0.85594,0.85348
2065,00:00.0,0.85591,0.85414,0.85482,
2066,00:00.0,0.85545,0.85417,0.85434,0.85483
2067,00:00.0,0.85457,0.85296,0.85385,0.85435
2068,00:00.0,0.85495,0.85378,0.85392,0.85384
2069,00:00.0,0.8543,0.85328,0.85377,0.85391
2070,00:00.0,0.85472,0.8533,0.85413,0.85378
2071,00:00.0,0.85594,0.854,0.85478,0.85414
2072,00:00.0,0.8567,0.85453,0.85503,0.85477
2073,00:00.0,0.85567,0.85011,0.85059,0.85502
2074,00:00.0,0.85119,0.84808,0.84971,0.85061
2075,00:00.0,0.85042,0.84857,0.85027,0.84972
2076,00:00.0,0.85073,0.84942,0.85069,0.85026
2077,00:00.0,0.85165,0.85019,0.8514,0.85068
2078,00:00.0,0.85318,0.85028,0.85088,0.85138
2079,00:00.0,0.85204,0.85037,0.85193,0.85092
2080,00:00.0,0.85419,0.85128,0.85403,0.85189
2081,00:00.0,0.85409,0.8531,0.85348,0.85402
2082,00:00.0,0.85377,0.85324,0.85373,0.85349
2083,00:00.0,0.85552,0.85374,0.85456,0.85374
2084,00:00.0,0.8555,0.85413,0.85542,0.85454
2085,00:00.0,0.85568,0.85497,0.8552,0.85541
2086,00:00.0,0.85589,0.85473,0.85548,0.85521
2087,00:00.0,0.85575,0.85403,0.85414,0.85543
2088,00:00.0,0.85418,0.85308,0.85323,0.85416
2089,00:00.0,0.85673,0.85308,0.85509,
2090,00:00.0,0.8561,0.85454,0.85569,0.8551
2091,00:00.0,0.85859,0.8557,0.85675,0.8557
2092,00:00.0,0.85892,0.85654,0.85863,0.85676
2093,00:00.0,0.8606,0.85824,0.86,0.85864
2094,00:00.0,0.86002,0.85818,0.85853,0.85999
2095,00:00.0,0.85945,0.85816,0.85899,0.85854
2096,00:00.0,0.86164,0.85905,0.86102,0.85905
2097,00:00.0,0.86101,0.85756,0.85816,0.86101
2098,00:00.0,0.85868,0.8574,0.85781,0.85817
2099,00:00.0,0.85785,0.85621,0.8565,0.8578
2100,00:00.0,0.85743,0.856,0.85707,0.85651
2101,00:00.0,0.85778,0.85681,0.8574,0.85708
2102,00:00.0,0.85775,0.85623,0.85655,0.85738
2103,00:00.0,0.85741,0.85552,0.85558,0.85656
2104,00:00.0,0.85618,0.8543,0.855,0.85559
2105,00:00.0,0.85547,0.85369,0.85482,0.85501
2106,00:00.0,0.85522,0.85453,0.85485,0.85484
2107,00:00.0,0.85534,0.85477,0.85514,0.85487
2108,00:00.0,0.85538,0.85467,0.85469,0.85524
2109,00:00.0,0.85537,0.85451,0.85527,0.85467
2110,00:00.0,0.85563,0.85481,0.85483,0.85529
2111,00:00.0,0.85523,0.8516,0.85246,
2112,00:00.0,0.85342,0.85175,0.85277,0.8525
2113,00:00.0,0.85292,0.85112,0.85133,
2114,00:00.0,0.85261,0.85028,0.85197,0.85134
2115,00:00.0,0.85248,0.85072,0.85088,0.85196
2116,00:00.0,0.85134,0.84953,0.84958,0.85086
2117,00:00.0,0.85006,0.84866,0.8492,0.8496
2118,00:00.0,0.85023,0.84895,0.85021,0.84922
2119,00:00.0,0.85153,0.84983,0.85118,0.8502
2120,00:00.0,0.85212,0.84935,0.84935,0.85119
2121,00:00.0,0.85065,0.84915,0.84999,0.84934
2122,00:00.0,0.85259,0.84992,0.85238,0.84998
2123,00:00.0,0.85303,0.8519,0.85205,0.8524
2124,00:00.0,0.8525,0.85151,0.85226,0.85207
2125,00:00.0,0.85289,0.85144,0.85204,0.85225
2126,00:00.0,0.85276,0.85072,0.85092,0.85203
2127,00:00.0,0.85132,0.85006,0.85059,0.85091
2128,00:00.0,0.85422,0.85,0.85403,0.8506
2129,00:00.0,0.85404,0.85221,0.85233,0.85402
2130,00:00.0,0.85245,0.85074,0.85091,0.85234
2131,00:00.0,0.85236,0.85049,0.85066,0.8509
2132,00:00.0,0.85127,0.85026,0.85055,0.85068
2133,00:00.0,0.85177,0.85046,0.85142,0.85053
2134,00:00.0,0.85154,0.85119,0.85124,0.85146
2135,00:00.0,,,,
2136,00:00.0,,,,
2137,00:00.0,,,,
2138,00:00.0,,,,
2139,00:00.0,,,,
2140,00:00.0,,,,
2141,00:00.0,,,,
2142,00:00.0,,,,
2143,00:00.0,,,,
2144,00:00.0,,,,
2145,00:00.0,,,,
2146,00:00.0,,,,
2147,00:00.0,,,,
2148,00:00.0,,,,
2149,00:00.0,,,,
2150,00:00.0,,,,
2151,00:00.0,,,,
2152,00:00.0,,,,
2153,00:00.0,,,,
2154,00:00.0,,,,
2155,00:00.0,,,,
2156,00:00.0,,,,
2157,00:00.0,,,,
2158,00:00.0,,,,
2159,00:00.0,,,,
2160,00:00.0,,,,
2161,00:00.0,,,,
2162,00:00.0,,,,
2163,00:00.0,,,,
2164,00:00.0,,,,
2165,00:00.0,,,,
2166,00:00.0,,,,
2167,00:00.0,,,,
2168,00:00.0,,,,
2169,00:00.0,,,,
2170,00:00.0,,,,
2171,00:00.0,,,,
2172,00:00.0,,,,
2173,00:00.0,,,,
2174,00:00.0,,,,
2175,00:00.0,,,,
2176,00:00.0,,,,
2177,00:00.0,,,,
2178,00:00.0,,,,
2179,00:00.0,0.85085,0.84975,0.85013,
2180,00:00.0,0.85072,0.846,0.84768,0.85002
2181,00:00.0,0.84801,0.84726,0.84767,0.84801
2182,00:00.0,0.84811,0.84706,0.84761,0.84766
2183,00:00.0,0.84883,0.84758,0.84809,0.84758
2184,00:00.0,0.84864,0.84287,0.8442,0.84815
2185,00:00.0,0.84577,0.84367,0.84445,
2186,00:00.0,0.8451,0.84187,0.84366,0.84448
2187,00:00.0,0.84548,0.84347,0.84542,0.84364
2188,00:00.0,0.84547,0.84357,0.84461,0.84541
2189,00:00.0,0.84589,0.84457,0.8453,0.84462
2190,00:00.0,0.84594,0.84372,0.84389,0.84529
2191,00:00.0,0.84457,0.84302,0.84423,0.84387
2192,00:00.0,0.84539,0.84278,0.84441,0.84424
2193,00:00.0,0.84993,0.84432,0.8466,0.8444
2194,00:00.0,0.84895,0.84613,0.8484,0.84661
2195,00:00.0,0.85008,0.84783,0.84879,0.84837
2196,00:00.0,0.84924,0.84786,0.84826,0.84878
2197,00:00.0,0.84933,0.84797,0.84921,0.84828
2198,00:00.0,0.85154,0.84914,0.8505,0.84922
2199,00:00.0,0.85291,0.85051,0.8525,0.85051
2200,00:00.0,0.85279,0.8482,0.8494,0.85253
2201,00:00.0,0.85212,0.8484,0.85212,0.84938
2202,00:00.0,0.85332,0.8517,0.85246,0.85214
2203,00:00.0,0.85263,0.85163,0.8517,0.85244
2204,00:00.0,0.85185,0.85093,0.85124,0.85169
2205,00:00.0,0.85123,0.85029,0.85035,0.85123
2206,00:00.0,0.85073,0.84908,0.84976,0.85033
2207,00:00.0,0.85044,0.84923,0.84959,0.84972
2208,00:00.0,0.85054,0.84765,0.84802,0.84957
2209,00:00.0,0.85125,0.84776,0.84858,
2210,00:00.0,0.84923,0.84754,0.84833,0.84859
2211,00:00.0,0.84897,0.84797,0.84844,0.84832
2212,00:00.0,0.85199,0.84717,0.85122,0.84845
2213,00:00.0,0.85284,0.8501,0.85039,0.85121
2214,00:00.0,0.85179,0.85013,0.85173,0.85042
2215,00:00.0,0.85444,0.8517,0.85262,0.85171
2216,00:00.0,0.85263,0.85064,0.85078,0.85263
2217,00:00.0,0.85122,0.84849,0.8495,0.85079
2218,00:00.0,0.8496,0.8474,0.84791,0.84948
2219,00:00.0,0.84792,0.84548,0.84608,0.84792
2220,00:00.0,0.84676,0.8448,0.84492,0.84607
2221,00:00.0,0.84533,0.84385,0.84409,0.84493
2222,00:00.0,0.84613,0.8437,0.84594,0.8441
2223,00:00.0,0.84638,0.84343,0.84418,0.84592
2224,00:00.0,0.84656,0.8438,0.84586,0.84417
2225,00:00.0,0.84604,0.84497,0.84568,0.84587
2226,00:00.0,0.84567,0.84449,0.84465,0.84567
2227,00:00.0,0.84497,0.8443,0.84442,0.84464
2228,00:00.0,0.84512,0.84437,0.84476,0.84444
2229,00:00.0,0.84503,0.84459,0.84479,0.84478
2230,00:00.0,0.84529,0.84446,0.84482,0.8448
2231,00:00.0,0.84621,0.84473,0.84478,0.84479
2232,00:00.0,0.84634,0.84481,0.84592,0.84483
2233,00:00.0,0.84721,0.83937,0.84026,
2234,00:00.0,0.84183,0.83994,0.84155,0.84028
2235,00:00.0,0.84223,0.84005,0.84011,0.84157
2236,00:00.0,0.84025,0.839,0.83942,0.84013
2237,00:00.0,0.84157,0.8393,0.84075,0.83943
2238,00:00.0,0.84144,0.83928,0.83993,0.84076
2239,00:00.0,0.84093,0.83907,0.84086,0.83994
2240,00:00.0,0.84172,0.83972,0.84089,0.84085
2241,00:00.0,0.84143,0.83973,0.84111,0.84087
2242,00:00.0,0.84163,0.84063,0.84123,0.8411
2243,00:00.0,0.84265,0.84104,0.84262,0.84124
2244,00:00.0,0.84291,0.84126,0.84218,0.84261
2245,00:00.0,0.84361,0.84192,0.84317,0.84219
2246,00:00.0,0.84535,0.84216,0.84225,0.84316
2247,00:00.0,0.84315,0.84118,0.8419,0.84223
2248,00:00.0,0.84302,0.84069,0.84268,0.8417
2249,00:00.0,0.84313,0.84163,0.84164,0.84267
2250,00:00.0,0.84253,0.84135,0.84163,0.84163
2251,00:00.0,0.84184,0.84017,0.84036,0.84164
2252,00:00.0,0.84112,0.84023,0.84027,0.84037
2253,00:00.0,0.84085,0.83983,0.84052,0.84024
2254,00:00.0,0.84111,0.84026,0.84085,0.84053
2255,00:00.0,0.84118,0.83871,0.83895,0.84075
2256,00:00.0,0.84011,0.83889,0.83981,0.83893
2257,00:00.0,0.84376,0.83932,0.84141,
2258,00:00.0,0.84179,0.84011,0.84042,0.84142
2259,00:00.0,0.84048,0.8383,0.83886,0.84041
2260,00:00.0,0.83936,0.83796,0.83905,0.83885
2261,00:00.0,0.84028,0.838,0.83983,0.83904
2262,00:00.0,0.84056,0.83786,0.83798,0.83982
2263,00:00.0,0.83866,0.83599,0.83709,0.83797
2264,00:00.0,0.83883,0.83618,0.83779,0.83708
2265,00:00.0,0.83842,0.83672,0.83679,0.8378
2266,00:00.0,0.83749,0.83569,0.83689,0.8368
2267,00:00.0,0.83784,0.83683,0.83749,0.83688
2268,00:00.0,0.83847,0.83707,0.83727,0.8375
2269,00:00.0,0.83954,0.83729,0.83816,0.83729
2270,00:00.0,0.84005,0.83744,0.83914,0.83815
2271,00:00.0,0.84008,0.83621,0.83779,0.83915
2272,00:00.0,0.84021,0.83657,0.84003,0.83781
2273,00:00.0,0.84229,0.83914,0.84052,0.84004
2274,00:00.0,0.84089,0.83905,0.83927,0.84053
2275,00:00.0,0.83947,0.83786,0.83837,0.83928
2276,00:00.0,0.83868,0.83796,0.83826,0.83835
2277,00:00.0,0.83887,0.83824,0.83862,0.83825
2278,00:00.0,0.83919,0.83818,0.83896,0.83863
2279,00:00.0,0.83917,0.83788,0.83824,0.83901
2280,00:00.0,0.83941,0.83818,0.83872,0.83827
2281,00:00.0,0.8392,0.83824,0.83902,
2282,00:00.0,0.83985,0.83808,0.83809,0.83903
2283,00:00.0,0.83882,0.83798,0.83869,0.83808
2284,00:00.0,0.83904,0.83827,0.83849,0.83868
2285,00:00.0,0.83852,0.83701,0.83722,0.83848
2286,00:00.0,0.83788,0.83698,0.83774,0.83721
2287,00:00.0,0.83801,0.83722,0.8373,0.83773
2288,00:00.0,0.83859,0.83702,0.83754,0.83729
2289,00:00.0,0.83805,0.83682,0.83779,0.83752
2290,00:00.0,0.83794,0.83705,0.8374,0.83778
2291,00:00.0,0.83749,0.83675,0.83724,0.83739
2292,00:00.0,0.83731,0.83613,0.83661,0.83725
2293,00:00.0,0.83755,0.83632,0.83752,0.83663
2294,00:00.0,0.84105,0.83212,0.833,0.83751
2295,00:00.0,0.83492,0.83208,0.83232,0.83301
2296,00:00.0,0.83424,0.83228,0.83322,0.8323
2297,00:00.0,0.83364,0.83241,0.83302,0.83321
2298,00:00.0,0.83302,0.83209,0.83216,0.83301
2299,00:00.0,0.83251,0.8316,0.83201,0.83214
2300,00:00.0,0.83285,0.83191,0.83257,0.83202
2301,00:00.0,0.83305,0.83258,0.8327,0.83258
2302,00:00.0,0.83387,0.83237,0.83353,0.83269
2303,00:00.0,,,,
2304,00:00.0,,,,
2305,00:00.0,,,,
2306,00:00.0,,,,
2307,00:00.0,,,,
2308,00:00.0,,,,
2309,00:00.0,,,,
2310,00:00.0,,,,
2311,00:00.0,,,,
2312,00:00.0,,,,
2313,00:00.0,,,,
2314,00:00.0,,,,
2315,00:00.0,,,,
2316,00:00.0,,,,
2317,00:00.0,,,,
2318,00:00.0,,,,
2319,00:00.0,,,,
2320,00:00.0,,,,
2321,00:00.0,,,,
2322,00:00.0,,,,
2323,00:00.0,,,,
2324,00:00.0,,,,
2325,00:00.0,,,,
2326,00:00.0,,,,
2327,00:00.0,,,,
2328,00:00.0,,,,
2329,00:00.0,,,,
2330,00:00.0,,,,
2331,00:00.0,,,,
2332,00:00.0,,,,
2333,00:00.0,,,,
2334,00:00.0,,,,
2335,00:00.0,,,,
2336,00:00.0,,,,
2337,00:00.0,,,,
2338,00:00.0,,,,
2339,00:00.0,,,,
2340,00:00.0,,,,
2341,00:00.0,,,,
2342,00:00.0,,,,
2343,00:00.0,,,,
2344,00:00.0,,,,
2345,00:00.0,,,,
2346,00:00.0,,,,
2347,00:00.0,0.83107,0.82993,0.8305,
2348,00:00.0,0.83071,0.82969,0.8302,0.8307
2349,00:00.0,0.83058,0.8295,0.82992,0.83028
2350,00:00.0,0.83134,0.82981,0.83111,0.82981
2351,00:00.0,0.83214,0.82989,0.82991,0.83115
2352,00:00.0,0.83115,0.82962,0.83089,0.8299
2353,00:00.0,0.83129,0.82993,0.83093,
2354,00:00.0,0.83253,0.83094,0.83223,0.83095
2355,00:00.0,0.83236,0.82958,0.83032,0.83224
2356,00:00.0,0.8309,0.82875,0.82884,0.83031
2357,00:00.0,0.82954,0.82763,0.82777,0.82886
2358,00:00.0,0.8292,0.82764,0.82894,0.82776
2359,00:00.0,0.82941,0.82714,0.82774,0.82895
2360,00:00.0,0.82817,0.82613,0.82696,0.82775
2361,00:00.0,0.82785,0.82628,0.82743,0.82694
2362,00:00.0,0.82963,0.82735,0.82905,0.82744
2363,00:00.0,0.83034,0.82854,0.82996,0.82907
2364,00:00.0,0.83153,0.82996,0.83026,0.82997
2365,00:00.0,0.83078,0.82905,0.82945,0.83027
2366,00:00.0,0.83076,0.82874,0.83062,0.82944
2367,00:00.0,0.83165,0.82926,0.82962,0.83063
2368,00:00.0,0.83152,0.82942,0.83122,0.82964
2369,00:00.0,0.83176,0.82953,0.82964,0.83121
2370,00:00.0,0.83021,0.82917,0.82923,0.82963
2371,00:00.0,0.83073,0.82893,0.83048,0.82924
2372,00:00.0,0.83168,0.82973,0.82989,0.8305
2373,00:00.0,0.83004,0.82915,0.82915,0.8299
2374,00:00.0,0.83002,0.82899,0.82963,0.82917
2375,00:00.0,0.83069,0.82944,0.83016,0.82964
2376,00:00.0,0.83065,0.82971,0.83005,0.83011
2377,00:00.0,0.83004,0.8256,0.82681,
2378,00:00.0,0.82738,0.82476,0.82574,0.82682
2379,00:00.0,0.82592,0.82496,0.825,0.82572
2380,00:00.0,0.82521,0.82252,0.82352,0.82498
2381,00:00.0,0.8246,0.82328,0.82421,0.82353
2382,00:00.0,0.8245,0.82315,0.82393,0.8242
2383,00:00.0,0.82541,0.8237,0.8248,0.82394
2384,00:00.0,0.82636,0.82339,0.82619,0.82479
2385,00:00.0,0.82837,0.82587,0.82759,0.82617
2386,00:00.0,0.82897,0.8276,0.82824,0.8276
2387,00:00.0,0.82991,0.82797,0.82927,0.82823
2388,00:00.0,0.82939,0.82761,0.82801,0.82928
2389,00:00.0,0.83046,0.82802,0.83018,0.82802
2390,00:00.0,0.83097,0.8293,0.83059,0.8302
2391,00:00.0,0.83209,0.82989,0.8312,0.8306
2392,00:00.0,0.83739,0.83112,0.83543,0.83119
2393,00:00.0,0.83615,0.83323,0.83401,0.83541
2394,00:00.0,0.83422,0.83132,0.83174,0.83402
2395,00:00.0,0.83221,0.83134,0.83143,0.83175
2396,00:00.0,0.83165,0.83037,0.83045,0.83142
2397,00:00.0,0.83076,0.82912,0.82986,0.83044
2398,00:00.0,0.83027,0.82878,0.82954,0.82985
2399,00:00.0,0.82979,0.82917,0.82931,
2400,00:00.0,0.83091,0.8289,0.82985,0.82932
2401,00:00.0,0.83047,0.82889,0.82961,
2402,00:00.0,0.82978,0.82656,0.82708,0.82963
2403,00:00.0,0.82866,0.82676,0.82831,0.82709
2404,00:00.0,0.83013,0.82809,0.82956,0.8283
2405,00:00.0,0.8328,0.82937,0.8322,0.82955
2406,00:00.0,0.83397,0.83121,0.83264,0.83222
2407,00:00.0,0.83351,0.83167,0.8324,0.83265
2408,00:00.0,0.83256,0.83148,0.83215,0.83239
2409,00:00.0,0.8323,0.83085,0.83214,0.83214
2410,00:00.0,0.83289,0.83132,0.83215,0.83213
2411,00:00.0,0.8332,0.83203,0.83265,0.83216
2412,00:00.0,0.83398,0.83251,0.83293,0.83264
2413,00:00.0,0.83408,0.83254,0.83386,0.83294
2414,00:00.0,0.83501,0.83257,0.83273,0.83385
2415,00:00.0,0.83294,0.83139,0.83196,0.83271
2416,00:00.0,0.83275,0.83042,0.83074,0.83197
2417,00:00.0,0.83191,0.83025,0.83054,0.83077
2418,00:00.0,0.83068,0.82914,0.82999,0.83057
2419,00:00.0,0.83006,0.82898,0.82997,0.82998
2420,00:00.0,0.83004,0.82893,0.82946,0.82995
2421,00:00.0,0.83354,0.82867,0.83257,0.82944
2422,00:00.0,0.83288,0.83154,0.83221,0.83258
2423,00:00.0,0.83369,0.83159,0.83197,0.83225
2424,00:00.0,0.83384,0.83174,0.83358,0.83202
2425,00:00.0,0.83794,0.83265,0.83725,
2426,00:00.0,0.83743,0.8336,0.83438,0.83724
2427,00:00.0,0.83573,0.83374,0.834,0.83439
2428,00:00.0,0.8343,0.83286,0.83325,0.83398
2429,00:00.0,0.83413,0.83236,0.83236,0.83322
2430,00:00.0,0.83297,0.83213,0.83291,0.83241
2431,00:00.0,0.83411,0.83217,0.83381,0.8329
2432,00:00.0,0.83416,0.83195,0.83348,0.8338
2433,00:00.0,0.8335,0.8303,0.83067,0.83349
2434,00:00.0,0.83088,0.8238,0.82558,0.83068
2435,00:00.0,0.82882,0.82541,0.8284,0.82557
2436,00:00.0,0.82932,0.82757,0.82907,0.82838
2437,00:00.0,0.82916,0.8277,0.82772,0.82905
2438,00:00.0,0.82842,0.82175,0.8262,0.82773
2439,00:00.0,0.82782,0.82587,0.8274,0.82621
2440,00:00.0,0.828,0.82518,0.82543,0.82739
2441,00:00.0,0.82718,0.82473,0.82645,0.82545
2442,00:00.0,0.82759,0.82625,0.82714,0.82644
2443,00:00.0,0.82749,0.82571,0.82577,0.82715
2444,00:00.0,0.82588,0.82492,0.82572,0.82575
2445,00:00.0,0.8264,0.82545,0.8262,0.82571
2446,00:00.0,0.82847,0.8261,0.82744,0.82619
2447,00:00.0,0.82823,0.82667,0.82678,
2448,00:00.0,0.82714,0.82463,0.82466,0.82681
2449,00:00.0,0.82697,0.82436,0.82531,
2450,00:00.0,0.82604,0.82425,0.82471,0.8253
2451,00:00.0,0.82687,0.82468,0.82639,0.82469
2452,00:00.0,0.82682,0.82573,0.82666,0.82637
2453,00:00.0,0.82851,0.82645,0.8274,0.82664
2454,00:00.0,0.82815,0.82709,0.82763,0.82743
2455,00:00.0,0.82781,0.82662,0.82739,0.82766
2456,00:00.0,0.8277,0.82635,0.82727,0.82738
2457,00:00.0,0.82882,0.82667,0.82847,0.82729
2458,00:00.0,0.83013,0.82748,0.82758,0.82848
2459,00:00.0,0.82827,0.82718,0.82749,0.82755
2460,00:00.0,0.82834,0.82719,0.8273,0.82751
2461,00:00.0,0.82785,0.82632,0.82756,0.82731
2462,00:00.0,0.82774,0.82579,0.82588,0.82757
2463,00:00.0,0.82622,0.82489,0.82498,0.82587
2464,00:00.0,0.8253,0.82281,0.82485,0.82497
2465,00:00.0,0.82861,0.82477,0.82678,0.82483
2466,00:00.0,0.82679,0.82569,0.82569,0.82679
2467,00:00.0,0.82585,0.82523,0.8255,0.8257
2468,00:00.0,0.8256,0.82473,0.82502,0.82551
2469,00:00.0,0.82558,0.82448,0.82539,0.825
2470,00:00.0,0.82577,0.82453,0.82577,0.8254
2471,00:00.0,,,,
2472,00:00.0,,,,
2473,00:00.0,,,,
2474,00:00.0,,,,
2475,00:00.0,,,,
2476,00:00.0,,,,
2477,00:00.0,,,,
2478,00:00.0,,,,
2479,00:00.0,,,,
2480,00:00.0,,,,
2481,00:00.0,,,,
2482,00:00.0,,,,
2483,00:00.0,,,,
2484,00:00.0,,,,
2485,00:00.0,,,,
2486,00:00.0,,,,
2487,00:00.0,,,,
2488,00:00.0,,,,
2489,00:00.0,,,,
2490,00:00.0,,,,
2491,00:00.0,,,,
2492,00:00.0,,,,
2493,00:00.0,,,,
2494,00:00.0,,,,
2495,00:00.0,,,,
2496,00:00.0,,,,
2497,00:00.0,,,,
2498,00:00.0,,,,
2499,00:00.0,,,,
2500,00:00.0,,,,
2501,00:00.0,,,,
2502,00:00.0,,,,
2503,00:00.0,,,,
2504,00:00.0,,,,
2505,00:00.0,,,,
2506,00:00.0,,,,
2507,00:00.0,,,,
2508,00:00.0,,,,
2509,00:00.0,,,,
2510,00:00.0,,,,
2511,00:00.0,,,,
2512,00:00.0,,,,
2513,00:00.0,,,,
2514,00:00.0,,,,
2515,00:00.0,0.83063,0.82361,0.82541,
2516,00:00.0,0.82542,0.82409,0.82419,0.82542
2517,00:00.0,0.82502,0.82369,0.82479,0.82401
2518,00:00.0,0.82649,0.82459,0.82538,0.82483
2519,00:00.0,0.82642,0.82478,0.82547,0.82526
2520,00:00.0,0.82641,0.82059,0.82106,0.82545
2521,00:00.0,0.82293,0.82107,0.82124,
2522,00:00.0,0.82259,0.82055,0.8222,0.82125
2523,00:00.0,0.8231,0.82126,0.82137,0.82222
2524,00:00.0,0.82244,0.82101,0.82241,0.82136
2525,00:00.0,0.82473,0.82205,0.82369,0.8224
2526,00:00.0,0.82517,0.8237,0.82502,0.8237
2527,00:00.0,0.82604,0.82448,0.82559,0.82501
2528,00:00.0,0.8258,0.8233,0.82435,0.82558
2529,00:00.0,0.82589,0.82363,0.82536,0.82436
2530,00:00.0,0.82691,0.82476,0.82642,0.82534
2531,00:00.0,0.82652,0.82445,0.82446,0.8264
2532,00:00.0,0.82478,0.82239,0.82279,0.82447
2533,00:00.0,0.82315,0.82133,0.82139,0.82278
2534,00:00.0,0.82251,0.82066,0.8221,0.82137
2535,00:00.0,0.82246,0.82025,0.82032,0.82212
2536,00:00.0,0.82211,0.8202,0.82099,0.82036
2537,00:00.0,0.82386,0.82077,0.8232,0.82101
2538,00:00.0,0.82333,0.82129,0.82139,0.82318
2539,00:00.0,0.82208,0.82119,0.8218,0.8214
2540,00:00.0,0.82239,0.82136,0.82226,0.82179
2541,00:00.0,0.82257,0.82103,0.82111,0.82227
2542,00:00.0,0.82233,0.82105,0.82195,0.82112
2543,00:00.0,0.8222,0.82089,0.82137,0.82205
2544,00:00.0,0.82207,0.82123,0.82139,0.82139
2545,00:00.0,0.82267,0.82105,0.82238,
2546,00:00.0,0.8229,0.82015,0.82248,0.82237
2547,00:00.0,0.82302,0.82193,0.82251,0.82246
2548,00:00.0,0.82411,0.82179,0.8237,0.82249
2549,00:00.0,0.82385,0.822,0.82236,0.82369
2550,00:00.0,0.82329,0.82207,0.82315,0.82234
2551,00:00.0,0.82379,0.82259,0.82304,0.82313
2552,00:00.0,0.82468,0.82259,0.82339,0.82306
2553,00:00.0,0.82518,0.82203,0.82484,0.82337
2554,00:00.0,0.82623,0.82409,0.82528,0.82483
2555,00:00.0,0.8276,0.82491,0.82491,0.82529
2556,00:00.0,0.82546,0.82394,0.82433,0.82492
2557,00:00.0,0.82701,0.82417,0.82574,0.82432
2558,00:00.0,0.82607,0.82305,0.82427,0.82573
2559,00:00.0,0.82456,0.82236,0.82262,0.82425
2560,00:00.0,0.82283,0.82148,0.82165,0.82264
2561,00:00.0,0.82238,0.82126,0.82197,0.82166
2562,00:00.0,0.82329,0.8217,0.82179,0.82199
2563,00:00.0,0.82241,0.82159,0.8218,0.82178
2564,00:00.0,0.82205,0.821,0.8212,0.82181
2565,00:00.0,0.82217,0.82077,0.82207,0.82118
2566,00:00.0,0.82275,0.82156,0.82202,0.82209
2567,00:00.0,0.82291,0.82187,0.82206,0.822
2568,00:00.0,0.82268,0.82166,0.82241,0.82203
2569,00:00.0,0.82248,0.82168,0.82244,
2570,00:00.0,0.82373,0.82137,0.82158,0.82246
2571,00:00.0,0.82182,0.81806,0.81836,0.8216
2572,00:00.0,0.81835,0.81572,0.81602,0.81835
2573,00:00.0,0.81615,0.81473,0.81601,0.81601
2574,00:00.0,0.81605,0.81463,0.81516,0.81603
2575,00:00.0,0.81596,0.81409,0.81453,0.81518
2576,00:00.0,0.81608,0.8142,0.81571,0.81452
2577,00:00.0,0.8181,0.81558,0.81778,0.81573
2578,00:00.0,0.81852,0.81706,0.81782,0.81777
2579,00:00.0,0.81873,0.81737,0.81741,0.81781
2580,00:00.0,0.81883,0.81736,0.81881,0.81742
2581,00:00.0,0.81923,0.81822,0.81838,0.8188
2582,00:00.0,0.82047,0.81804,0.81972,0.81839
2583,00:00.0,0.8201,0.81802,0.81845,0.81973
2584,00:00.0,0.81968,0.81654,0.81685,0.81844
2585,00:00.0,0.81783,0.81637,0.81707,0.81683
2586,00:00.0,0.81819,0.81637,0.81806,0.81706
2587,00:00.0,0.82074,0.81714,0.82039,0.81808
2588,00:00.0,0.82402,0.81084,0.81093,0.82014
2589,00:00.0,0.81468,0.81088,0.81225,0.81091
2590,00:00.0,0.81428,0.81171,0.81285,0.81222
2591,00:00.0,0.81419,0.81195,0.81349,
2592,00:00.0,0.81372,0.81192,0.81271,0.81346
2593,00:00.0,0.81305,0.81186,0.81218,
2594,00:00.0,0.81351,0.81189,0.81304,0.8122
2595,00:00.0,0.8153,0.81264,0.81404,0.81305
2596,00:00.0,0.81646,0.81387,0.81435,0.81406
2597,00:00.0,0.81472,0.81349,0.81406,0.81437
2598,00:00.0,0.8141,0.81289,0.81358,0.81408
2599,00:00.0,0.81375,0.81256,0.8135,0.81357
2600,00:00.0,0.81777,0.81211,0.81668,0.81349
2601,00:00.0,0.81994,0.81568,0.8194,0.81669
2602,00:00.0,0.82043,0.81734,0.81764,0.81939
2603,00:00.0,0.81997,0.81756,0.81777,0.81763
2604,00:00.0,0.82013,0.8177,0.81862,0.81779
2605,00:00.0,0.8199,0.8184,0.81864,0.81859
2606,00:00.0,0.82,0.81839,0.81848,0.81863
2607,00:00.0,0.81913,0.81759,0.81848,0.81849
2608,00:00.0,0.81902,0.81595,0.81599,0.81852
2609,00:00.0,0.81746,0.81551,0.81694,0.816
2610,00:00.0,0.8173,0.81539,0.81555,0.81697
2611,00:00.0,0.81578,0.81464,0.81527,0.81553
2612,00:00.0,0.81595,0.81524,0.81587,0.81528
2613,00:00.0,0.81726,0.81537,0.81719,0.81589
2614,00:00.0,0.81825,0.81582,0.81676,0.81718
2615,00:00.0,0.81871,0.81629,0.81765,
2616,00:00.0,0.81843,0.81624,0.81695,0.81762
2617,00:00.0,0.81771,0.81555,0.81587,
2618,00:00.0,0.81869,0.81572,0.81862,0.81584
2619,00:00.0,0.81892,0.81687,0.81705,0.81863
2620,00:00.0,0.81831,0.81696,0.81756,0.81706
2621,00:00.0,0.81868,0.81756,0.81852,0.81758
2622,00:00.0,0.81936,0.81834,0.81882,0.81853
2623,00:00.0,0.81934,0.81745,0.81764,0.8188
2624,00:00.0,0.81768,0.8165,0.81667,0.81763
2625,00:00.0,0.81707,0.81551,0.81566,0.81665
2626,00:00.0,0.81579,0.81502,0.81563,0.81567
2627,00:00.0,0.81641,0.81557,0.81596,0.81564
2628,00:00.0,0.81761,0.81593,0.81756,0.81597
2629,00:00.0,0.81789,0.81698,0.81717,0.81758
2630,00:00.0,0.81878,0.81704,0.81813,0.81716
2631,00:00.0,0.8183,0.81644,0.81648,0.81815
2632,00:00.0,0.8165,0.81494,0.81496,0.81647
2633,00:00.0,0.81531,0.81269,0.81299,0.81495
2634,00:00.0,0.81321,0.81245,0.81296,0.813
2635,00:00.0,0.81391,0.81233,0.81305,0.81298
2636,00:00.0,0.81491,0.81275,0.81448,0.81303
2637,00:00.0,0.81507,0.81407,0.81423,0.8145
2638,00:00.0,0.81512,0.81379,0.81492,0.81424
2639,00:00.0,,,,
2640,00:00.0,,,,
